seat_id,timestamp,is_occupied,person_id,zone,capacity,current_count,group_id
S1,2025-04-14 12:29:00,1,1,four_seat,4,4,1
S1,2025-04-14 17:38:00,1,4,four_seat,4,2,3
S1,2025-04-14 14:33:00,1,5,four_seat,4,1,4
S1,2025-04-14 20:28:00,1,7,four_seat,4,4,6
S1,2025-04-14 16:13:00,1,9,four_seat,4,1,7
S5,2025-04-14 10:11:00,1,12,two_seat,2,1,9
S2,2025-04-14 19:56:00,1,13,four_seat,4,1,10
S2,2025-04-14 16:41:00,1,14,four_seat,4,4,11
S5,2025-04-14 15:00:00,1,15,two_seat,2,1,12
S5,2025-04-14 18:05:00,1,16,two_seat,2,1,13
S2,2025-04-14 12:07:00,1,18,four_seat,4,3,14
S2,2025-04-14 15:52:00,1,19,four_seat,4,3,15
S6,2025-04-14 10:15:00,1,21,two_seat,2,1,17
S1,2025-04-14 10:13:00,1,22,four_seat,4,4,18
S5,2025-04-14 19:05:00,1,25,two_seat,2,1,20
S3,2025-04-14 12:47:00,1,26,four_seat,4,4,21
S1,2025-04-14 10:46:00,1,28,four_seat,4,1,22
S5,2025-04-14 13:21:00,1,29,two_seat,2,2,23
S3,2025-04-14 14:48:00,1,31,four_seat,4,1,24
S1,2025-04-14 09:09:00,1,32,four_seat,4,1,25
S4,2025-04-14 15:31:00,1,33,four_seat,4,2,26
S2,2025-04-14 09:02:00,1,34,four_seat,4,4,27
S2,2025-04-14 17:40:00,1,35,four_seat,4,1,28
S5,2025-04-14 16:17:00,1,36,two_seat,2,2,29
S3,2025-04-14 19:56:00,1,38,four_seat,4,2,30
S1,2025-04-14 13:38:00,1,39,four_seat,4,4,31
S2,2025-04-14 10:31:00,1,40,four_seat,4,1,32
S2,2025-04-14 14:44:00,1,41,four_seat,4,1,33
S5,2025-04-14 15:32:00,1,42,two_seat,2,2,34
S1,2025-04-14 11:33:00,1,44,four_seat,4,2,35
S3,2025-04-14 13:44:00,1,46,four_seat,4,1,37
S3,2025-04-14 16:33:00,1,48,four_seat,4,3,38
S2,2025-04-14 09:50:00,1,49,four_seat,4,4,39
S6,2025-04-14 18:31:00,1,51,two_seat,2,1,40
S6,2025-04-14 20:23:00,1,52,two_seat,2,2,41
S4,2025-04-14 12:52:00,1,57,four_seat,4,2,44
S3,2025-04-14 10:13:00,1,59,four_seat,4,4,46
S4,2025-04-14 20:10:00,1,62,four_seat,4,4,48
S6,2025-04-14 13:03:00,1,64,two_seat,2,2,49
S4,2025-04-14 13:52:00,1,67,four_seat,4,1,52
S3,2025-04-14 17:47:00,1,69,four_seat,4,2,54
S5,2025-04-14 11:58:00,1,71,two_seat,2,2,56
S6,2025-04-14 16:19:00,1,74,two_seat,2,1,59
S4,2025-04-14 09:21:00,1,75,four_seat,4,1,60
S7,2025-04-14 13:35:00,1,80,two_seat,2,1,64
S5,2025-04-14 09:05:00,1,82,two_seat,2,2,66
S7,2025-04-14 20:32:00,1,83,two_seat,2,2,67
S4,2025-04-14 17:29:00,1,85,four_seat,4,2,68
S7,2025-04-14 10:10:00,1,102,two_seat,2,2,77
S1,2025-04-14 18:10:00,1,103,four_seat,4,1,78
S8,2025-04-14 10:56:00,1,105,two_seat,2,1,80
S7,2025-04-14 16:30:00,1,106,two_seat,2,2,81
S3,2025-04-14 12:22:00,1,109,four_seat,4,4,83
S6,2025-04-14 11:31:00,1,115,two_seat,2,2,88
S5,2025-04-14 11:27:00,1,117,two_seat,2,1,90
S1,2025-04-15 11:26:00,1,119,four_seat,4,2,91
S1,2025-04-15 14:49:00,1,120,four_seat,4,4,92
S1,2025-04-15 17:24:00,1,121,four_seat,4,3,93
S5,2025-04-15 18:16:00,1,127,two_seat,2,2,95
S5,2025-04-15 10:33:00,1,131,two_seat,2,1,98
S2,2025-04-15 17:26:00,1,132,four_seat,4,2,99
S5,2025-04-15 14:28:00,1,133,two_seat,2,1,100
S2,2025-04-15 11:10:00,1,135,four_seat,4,4,102
S1,2025-04-15 09:16:00,1,136,four_seat,4,3,103
S2,2025-04-15 12:37:00,1,137,four_seat,4,2,104
S1,2025-04-15 18:26:00,1,140,four_seat,4,4,107
S2,2025-04-15 14:46:00,1,141,four_seat,4,1,108
S3,2025-04-15 15:34:00,1,142,four_seat,4,1,109
S1,2025-04-15 21:21:00,1,143,four_seat,4,2,110
S5,2025-04-15 16:10:00,1,144,two_seat,2,2,111
S3,2025-04-15 11:40:00,1,147,four_seat,4,2,113
S6,2025-04-15 15:10:00,1,149,two_seat,2,2,115
S4,2025-04-15 14:36:00,1,152,four_seat,4,4,118
S5,2025-04-15 12:10:00,1,153,two_seat,2,1,119
S6,2025-04-15 11:13:00,1,154,two_seat,2,2,120
S2,2025-04-15 19:58:00,1,156,four_seat,4,2,122
S2,2025-04-15 20:58:00,1,159,four_seat,4,4,123
S3,2025-04-15 17:08:00,1,160,four_seat,4,1,124
S4,2025-04-15 17:31:00,1,161,four_seat,4,2,125
S4,2025-04-15 11:18:00,1,163,four_seat,4,2,126
S6,2025-04-15 12:02:00,1,165,two_seat,2,2,128
S5,2025-04-15 12:51:00,1,168,two_seat,2,2,131
S3,2025-04-15 19:56:00,1,170,four_seat,4,4,133
S3,2025-04-15 14:16:00,1,176,four_seat,4,1,137
S7,2025-04-15 12:34:00,1,184,two_seat,2,1,142
S5,2025-04-15 20:34:00,1,185,two_seat,2,1,143
S7,2025-04-15 13:34:00,1,186,two_seat,2,2,144
S4,2025-04-15 19:33:00,1,188,four_seat,4,4,146
S7,2025-04-15 14:56:00,1,189,two_seat,2,1,147
S6,2025-04-15 21:00:00,1,190,two_seat,2,2,148
S6,2025-04-15 20:12:00,1,192,two_seat,2,2,150
S7,2025-04-15 10:44:00,1,197,two_seat,2,1,153
S6,2025-04-15 09:32:00,1,198,two_seat,2,2,154
S2,2025-04-15 09:29:00,1,199,four_seat,4,2,155
S3,2025-04-15 12:06:00,1,202,four_seat,4,3,158
S8,2025-04-15 15:22:00,1,204,two_seat,2,1,160
S9,2025-04-15 15:02:00,1,210,two_seat,2,2,164
S1,2025-04-15 15:45:00,1,213,four_seat,4,3,167
S8,2025-04-15 13:24:00,1,219,two_seat,2,1,173
S4,2025-04-15 12:29:00,1,221,four_seat,4,2,175
S1,2025-04-15 14:05:00,1,222,four_seat,4,2,176
S3,2025-04-15 09:27:00,1,226,four_seat,4,4,179
S9,2025-04-15 13:38:00,1,227,two_seat,2,2,180
S1,2025-04-15 13:22:00,1,231,four_seat,4,4,184
S7,2025-04-15 19:03:00,1,232,two_seat,2,1,185
S1,2025-04-15 10:41:00,1,233,four_seat,4,1,186
S6,2025-04-15 18:25:00,1,235,two_seat,2,1,187
S1,2025-04-16 11:48:00,1,238,four_seat,4,2,190
S1,2025-04-16 13:53:00,1,239,four_seat,4,2,191
S5,2025-04-16 10:10:00,1,240,two_seat,2,2,192
S1,2025-04-16 18:30:00,1,242,four_seat,4,3,194
S1,2025-04-16 09:16:00,1,243,four_seat,4,1,195
S5,2025-04-16 14:31:00,1,245,two_seat,2,2,196
S2,2025-04-16 09:22:00,1,249,four_seat,4,2,199
S1,2025-04-16 20:02:00,1,250,four_seat,4,1,200
S1,2025-04-16 16:47:00,1,252,four_seat,4,2,202
S5,2025-04-16 17:03:00,1,253,two_seat,2,2,203
S6,2025-04-16 16:24:00,1,254,two_seat,2,1,204
S2,2025-04-16 18:06:00,1,255,four_seat,4,3,205
S7,2025-04-16 15:05:00,1,256,two_seat,2,2,206
S3,2025-04-16 09:49:00,1,258,four_seat,4,1,208
S2,2025-04-16 20:14:00,1,261,four_seat,4,2,209
S5,2025-04-16 13:29:00,1,263,two_seat,2,2,210
S5,2025-04-16 18:23:00,1,264,two_seat,2,1,211
S4,2025-04-16 09:56:00,1,265,four_seat,4,1,212
S3,2025-04-16 19:48:00,1,266,four_seat,4,4,213
S2,2025-04-16 13:34:00,1,267,four_seat,4,2,214
S3,2025-04-16 13:27:00,1,268,four_seat,4,3,215
S3,2025-04-16 16:15:00,1,269,four_seat,4,2,216
S2,2025-04-16 15:11:00,1,270,four_seat,4,2,217
S1,2025-04-16 12:47:00,1,273,four_seat,4,4,219
S4,2025-04-16 14:37:00,1,277,four_seat,4,3,222
S2,2025-04-16 11:05:00,1,281,four_seat,4,3,225
S7,2025-04-16 17:05:00,1,282,two_seat,2,1,226
S4,2025-04-16 14:10:00,1,283,four_seat,4,4,227
S1,2025-04-16 16:04:00,1,285,four_seat,4,1,229
S1,2025-04-16 13:20:00,1,286,four_seat,4,4,230
S8,2025-04-16 15:08:00,1,288,two_seat,2,2,231
S4,2025-04-16 17:53:00,1,290,four_seat,4,3,233
S4,2025-04-16 20:23:00,1,292,four_seat,4,1,235
S9,2025-04-16 15:06:00,1,293,two_seat,2,2,236
S6,2025-04-16 13:30:00,1,294,two_seat,2,1,237
S7,2025-04-16 12:19:00,1,298,two_seat,2,1,241
S6,2025-04-16 15:00:00,1,299,two_seat,2,2,242
S5,2025-04-16 16:30:00,1,301,two_seat,2,1,243
S1,2025-04-16 12:19:00,1,304,four_seat,4,2,245
S4,2025-04-16 12:39:00,1,305,four_seat,4,4,246
S6,2025-04-16 11:24:00,1,306,two_seat,2,1,247
S3,2025-04-16 15:24:00,1,310,four_seat,4,1,249
S4,2025-04-16 15:38:00,1,313,four_seat,4,3,252
S7,2025-04-16 14:16:00,1,314,two_seat,2,2,253
S2,2025-04-16 17:02:00,1,316,four_seat,4,1,255
S5,2025-04-16 20:53:00,1,317,two_seat,2,2,256
S8,2025-04-16 12:57:00,1,322,two_seat,2,1,260
S5,2025-04-16 12:22:00,1,323,two_seat,2,1,261
S1,2025-04-16 10:57:00,1,328,four_seat,4,2,264
S1,2025-04-16 10:13:00,1,336,four_seat,4,1,270
S9,2025-04-16 17:04:00,1,337,two_seat,2,2,271
S1,2025-04-16 17:21:00,1,339,four_seat,4,1,272
S6,2025-04-16 18:57:00,1,341,two_seat,2,2,274
S1,2025-04-17 18:57:00,1,342,four_seat,4,3,275
S2,2025-04-17 19:47:00,1,343,four_seat,4,1,276
S5,2025-04-17 14:31:00,1,344,two_seat,2,1,277
S1,2025-04-17 17:58:00,1,347,four_seat,4,4,279
S1,2025-04-17 14:45:00,1,348,four_seat,4,2,280
S2,2025-04-17 18:16:00,1,350,four_seat,4,2,281
S6,2025-04-17 13:46:00,1,351,two_seat,2,2,282
S5,2025-04-17 12:28:00,1,352,two_seat,2,2,283
S1,2025-04-17 11:06:00,1,353,four_seat,4,2,284
S2,2025-04-17 13:53:00,1,354,four_seat,4,4,285
S2,2025-04-17 09:26:00,1,360,four_seat,4,4,289
S3,2025-04-17 14:48:00,1,365,four_seat,4,1,292
S4,2025-04-17 13:55:00,1,366,four_seat,4,4,293
S1,2025-04-17 16:21:00,1,368,four_seat,4,1,295
S3,2025-04-17 19:09:00,1,369,four_seat,4,3,296
S5,2025-04-17 09:21:00,1,371,two_seat,2,2,298
S6,2025-04-17 09:38:00,1,373,two_seat,2,2,300
S4,2025-04-17 17:59:00,1,375,four_seat,4,4,302
S5,2025-04-17 18:04:00,1,377,two_seat,2,2,304
S6,2025-04-17 09:18:00,1,379,two_seat,2,1,306
S3,2025-04-17 17:13:00,1,380,four_seat,4,4,307
S1,2025-04-17 09:25:00,1,381,four_seat,4,3,308
S1,2025-04-17 12:47:00,1,386,four_seat,4,4,311
S2,2025-04-17 19:05:00,1,393,four_seat,4,2,317
S7,2025-04-17 09:26:00,1,394,two_seat,2,1,318
S7,2025-04-17 12:49:00,1,400,two_seat,2,2,321
S2,2025-04-17 12:09:00,1,401,four_seat,4,2,322
S8,2025-04-17 14:06:00,1,402,two_seat,2,1,323
S3,2025-04-17 13:20:00,1,403,four_seat,4,4,324
S3,2025-04-17 11:01:00,1,408,four_seat,4,4,327
S6,2025-04-17 16:29:00,1,410,two_seat,2,2,328
S4,2025-04-17 10:26:00,1,414,four_seat,4,3,329
S2,2025-04-17 15:48:00,1,415,four_seat,4,2,330
S6,2025-04-17 12:04:00,1,420,two_seat,2,2,333
S9,2025-04-17 12:53:00,1,425,two_seat,2,1,337
S5,2025-04-17 15:49:00,1,430,two_seat,2,1,340
S4,2025-04-17 16:14:00,1,439,four_seat,4,2,345
S6,2025-04-17 15:16:00,1,443,two_seat,2,1,348
S4,2025-04-17 19:47:00,1,445,four_seat,4,1,350
S6,2025-04-17 18:15:00,1,446,two_seat,2,2,351
S1,2025-04-18 13:06:00,1,451,four_seat,4,2,356
S5,2025-04-18 12:38:00,1,452,two_seat,2,2,357
S2,2025-04-18 12:28:00,1,455,four_seat,4,1,359
S1,2025-04-18 10:45:00,1,457,four_seat,4,1,360
S6,2025-04-18 12:18:00,1,458,two_seat,2,1,361
S1,2025-04-18 18:48:00,1,459,four_seat,4,1,362
S2,2025-04-18 11:22:00,1,461,four_seat,4,4,363
S2,2025-04-18 18:43:00,1,462,four_seat,4,1,364
S3,2025-04-18 12:31:00,1,463,four_seat,4,4,365
S1,2025-04-18 16:12:00,1,468,four_seat,4,1,368
S1,2025-04-18 15:31:00,1,470,four_seat,4,4,370
S3,2025-04-18 19:09:00,1,473,four_seat,4,1,373
S1,2025-04-18 16:49:00,1,476,four_seat,4,2,375
S3,2025-04-18 13:47:00,1,480,four_seat,4,3,377
S4,2025-04-18 14:18:00,1,481,four_seat,4,2,378
S2,2025-04-18 16:12:00,1,482,four_seat,4,2,379
S1,2025-04-18 12:34:00,1,483,four_seat,4,1,380
S3,2025-04-18 11:02:00,1,484,four_seat,4,1,381
S3,2025-04-18 16:57:00,1,485,four_seat,4,1,382
S5,2025-04-18 10:38:00,1,486,two_seat,2,2,383
S5,2025-04-18 12:02:00,1,490,two_seat,2,1,385
S4,2025-04-18 18:12:00,1,492,four_seat,4,1,386
S5,2025-04-18 14:44:00,1,493,two_seat,2,2,387
S4,2025-04-18 16:46:00,1,494,four_seat,4,2,388
S5,2025-04-18 09:24:00,1,500,two_seat,2,1,391
S1,2025-04-18 12:04:00,1,501,four_seat,4,1,392
S5,2025-04-18 19:44:00,1,502,two_seat,2,1,393
S6,2025-04-18 15:03:00,1,505,two_seat,2,1,396
S5,2025-04-18 16:25:00,1,507,two_seat,2,2,397
S7,2025-04-18 12:24:00,1,508,two_seat,2,1,398
S1,2025-04-18 09:30:00,1,510,four_seat,4,1,400
S4,2025-04-18 12:08:00,1,511,four_seat,4,1,401
S2,2025-04-18 09:13:00,1,513,four_seat,4,2,402
S6,2025-04-18 09:54:00,1,514,two_seat,2,2,403
S4,2025-04-18 10:54:00,1,519,four_seat,4,1,407
S8,2025-04-18 11:47:00,1,520,two_seat,2,2,408
S6,2025-04-18 16:46:00,1,522,two_seat,2,2,409
S6,2025-04-18 12:53:00,1,524,two_seat,2,2,411
S3,2025-04-18 15:16:00,1,526,four_seat,4,3,413
S9,2025-04-18 12:54:00,1,534,two_seat,2,1,419
S7,2025-04-18 16:43:00,1,539,two_seat,2,2,422
S7,2025-04-18 14:30:00,1,540,two_seat,2,2,423
S1,2025-04-19 18:59:00,1,556,four_seat,4,3,432
S1,2025-04-19 12:06:00,1,557,four_seat,4,4,433
S5,2025-04-19 17:12:00,1,560,two_seat,2,1,434
S1,2025-04-19 10:32:00,1,561,four_seat,4,4,435
S5,2025-04-19 19:57:00,1,565,two_seat,2,1,436
S5,2025-04-19 19:11:00,1,571,two_seat,2,2,437
S1,2025-04-19 14:43:00,1,573,four_seat,4,3,438
S1,2025-04-19 09:14:00,1,577,four_seat,4,2,440
S5,2025-04-19 12:28:00,1,578,two_seat,2,1,441
S1,2025-04-19 13:59:00,1,579,four_seat,4,3,442
S1,2025-04-19 17:30:00,1,580,four_seat,4,3,443
S2,2025-04-19 15:10:00,1,581,four_seat,4,1,444
S2,2025-04-19 17:59:00,1,582,four_seat,4,1,445
S2,2025-04-19 09:02:00,1,583,four_seat,4,4,446
S3,2025-04-19 14:52:00,1,584,four_seat,4,1,447
S6,2025-04-19 17:23:00,1,587,two_seat,2,2,448
S1,2025-04-19 15:50:00,1,588,four_seat,4,4,449
S2,2025-04-19 11:37:00,1,594,four_seat,4,3,452
S3,2025-04-19 17:08:00,1,595,four_seat,4,4,453
S4,2025-04-19 14:30:00,1,596,four_seat,4,4,454
S5,2025-04-19 18:56:00,1,600,two_seat,2,2,457
S7,2025-04-19 17:17:00,1,602,two_seat,2,2,458
S6,2025-04-19 12:21:00,1,605,two_seat,2,2,459
S7,2025-04-19 12:12:00,1,610,two_seat,2,1,462
S1,2025-04-19 20:47:00,1,612,four_seat,4,1,463
S3,2025-04-19 12:08:00,1,614,four_seat,4,3,465
S3,2025-04-19 18:56:00,1,615,four_seat,4,3,466
S2,2025-04-19 14:12:00,1,616,four_seat,4,4,467
S4,2025-04-19 11:22:00,1,617,four_seat,4,2,468
S5,2025-04-19 10:05:00,1,621,two_seat,2,2,472
S3,2025-04-19 09:25:00,1,622,four_seat,4,4,473
S1,2025-04-19 16:41:00,1,624,four_seat,4,1,475
S3,2025-04-19 11:18:00,1,625,four_seat,4,3,476
S6,2025-04-19 10:00:00,1,626,two_seat,2,2,477
S4,2025-04-19 18:11:00,1,628,four_seat,4,4,479
S4,2025-04-19 09:36:00,1,631,four_seat,4,1,481
S4,2025-04-19 10:24:00,1,633,four_seat,4,2,483
S8,2025-04-19 16:22:00,1,634,two_seat,2,1,484
S5,2025-04-19 14:10:00,1,636,two_seat,2,2,485
S6,2025-04-19 18:34:00,1,637,two_seat,2,2,486
S2,2025-04-19 12:30:00,1,638,four_seat,4,1,487
S1,2025-04-19 19:25:00,1,641,four_seat,4,1,489
S2,2025-04-19 21:08:00,1,643,four_seat,4,4,491
S3,2025-04-19 14:08:00,1,645,four_seat,4,1,492
S8,2025-04-19 12:07:00,1,654,two_seat,2,2,498
S1,2025-04-19 13:08:00,1,656,four_seat,4,4,500
S6,2025-04-19 16:41:00,1,657,two_seat,2,2,501
S2,2025-04-19 17:24:00,1,658,four_seat,4,1,502
S4,2025-04-19 13:06:00,1,660,four_seat,4,3,503
S4,2025-04-19 15:38:00,1,664,four_seat,4,4,505
S9,2025-04-19 17:36:00,1,672,two_seat,2,2,507
S5,2025-04-19 15:07:00,1,684,two_seat,2,2,515
S2,2025-04-19 19:51:00,1,693,four_seat,4,4,523
S3,2025-04-19 20:39:00,1,695,four_seat,4,3,525
S6,2025-04-19 13:48:00,1,697,two_seat,2,1,526
S9,2025-04-19 17:04:00,1,702,two_seat,2,2,529
S4,2025-04-19 20:18:00,1,707,four_seat,4,3,532
S6,2025-04-19 21:05:00,1,708,two_seat,2,2,533
S3,2025-04-19 13:01:00,1,709,four_seat,4,4,534
S7,2025-04-19 14:17:00,1,710,two_seat,2,2,535
S7,2025-04-19 10:38:00,1,712,two_seat,2,2,537
S9,2025-04-19 12:46:00,1,716,two_seat,2,1,540
S6,2025-04-19 15:20:00,1,719,two_seat,2,2,542
S5,2025-04-19 21:21:00,1,720,two_seat,2,2,543
S1,2025-04-20 11:50:00,1,723,four_seat,4,3,544
S5,2025-04-20 09:55:00,1,724,two_seat,2,2,545
S1,2025-04-20 12:52:00,1,729,four_seat,4,2,547
S1,2025-04-20 17:25:00,1,730,four_seat,4,3,548
S2,2025-04-20 11:18:00,1,732,four_seat,4,4,549
S1,2025-04-20 10:10:00,1,736,four_seat,4,2,551
S2,2025-04-20 17:36:00,1,740,four_seat,4,2,552
S5,2025-04-20 14:57:00,1,742,two_seat,2,1,553
S3,2025-04-20 17:29:00,1,743,four_seat,4,3,554
S2,2025-04-20 10:29:00,1,747,four_seat,4,4,557
S3,2025-04-20 10:02:00,1,748,four_seat,4,3,558
S6,2025-04-20 14:44:00,1,749,two_seat,2,2,559
S5,2025-04-20 16:20:00,1,750,two_seat,2,1,560
S1,2025-04-20 14:32:00,1,751,four_seat,4,2,561
S5,2025-04-20 11:52:00,1,752,two_seat,2,2,562
S5,2025-04-20 17:37:00,1,753,two_seat,2,2,563
S6,2025-04-20 15:34:00,1,754,two_seat,2,2,564
S4,2025-04-20 16:27:00,1,756,four_seat,4,4,565
S6,2025-04-20 09:07:00,1,758,two_seat,2,2,566
S5,2025-04-20 09:05:00,1,759,two_seat,2,1,567
S7,2025-04-20 14:23:00,1,760,two_seat,2,1,568
S3,2025-04-20 12:00:00,1,761,four_seat,4,1,569
S6,2025-04-20 17:42:00,1,764,two_seat,2,1,571
S1,2025-04-20 13:30:00,1,766,four_seat,4,2,573
S8,2025-04-20 14:19:00,1,767,two_seat,2,2,574
S7,2025-04-20 18:00:00,1,768,two_seat,2,1,575
S4,2025-04-20 11:29:00,1,769,four_seat,4,4,576
S5,2025-04-20 12:48:00,1,770,two_seat,2,1,577
S2,2025-04-20 13:32:00,1,771,four_seat,4,4,578
S8,2025-04-20 17:50:00,1,774,two_seat,2,2,581
S9,2025-04-20 17:38:00,1,775,two_seat,2,1,582
S3,2025-04-20 14:16:00,1,776,four_seat,4,3,583
S7,2025-04-20 17:02:00,1,778,two_seat,2,2,585
S4,2025-04-20 09:29:00,1,781,four_seat,4,2,587
S7,2025-04-20 15:42:00,1,785,two_seat,2,1,591
S3,2025-04-20 12:54:00,1,786,four_seat,4,2,592
S5,2025-04-20 19:47:00,1,790,two_seat,2,1,593
S8,2025-04-20 19:06:00,1,792,two_seat,2,2,595
S5,2025-04-20 14:07:00,1,794,two_seat,2,1,596
S1,2025-04-20 18:50:00,1,795,four_seat,4,1,597
S4,2025-04-20 13:39:00,1,796,four_seat,4,3,598
S7,2025-04-20 10:16:00,1,797,two_seat,2,2,599
S2,2025-04-20 20:25:00,1,803,four_seat,4,1,603
S4,2025-04-20 18:14:00,1,804,four_seat,4,1,604
S2,2025-04-20 19:39:00,1,805,four_seat,4,4,605
S1,2025-04-20 11:18:00,1,806,four_seat,4,4,606
S9,2025-04-20 14:06:00,1,808,two_seat,2,2,607
S1,2025-04-20 17:59:00,1,817,four_seat,4,4,614
S8,2025-04-20 09:37:00,1,820,two_seat,2,1,616
S1,2025-04-20 15:58:00,1,824,four_seat,4,1,619
S2,2025-04-20 15:20:00,1,828,four_seat,4,2,623
S8,2025-04-20 16:03:00,1,834,two_seat,2,2,627
S1,2025-04-20 20:43:00,1,837,four_seat,4,4,628
S6,2025-04-20 16:37:00,1,844,two_seat,2,2,633
S1,2025-04-20 16:58:00,1,849,four_seat,4,4,638
S9,2025-04-20 10:09:00,1,850,two_seat,2,1,639
S6,2025-04-20 11:52:00,1,854,two_seat,2,1,641
S1,2025-04-20 15:04:00,1,868,four_seat,4,4,648
S7,2025-04-20 11:14:00,1,869,two_seat,2,1,649
S3,2025-04-20 20:45:00,1,872,four_seat,4,4,652
S8,2025-04-20 12:48:00,1,873,two_seat,2,2,653
S1,2025-04-21 18:40:00,1,880,four_seat,4,2,656
S2,2025-04-21 17:37:00,1,883,four_seat,4,4,657
S1,2025-04-21 11:42:00,1,885,four_seat,4,4,659
S1,2025-04-21 13:23:00,1,887,four_seat,4,2,660
S1,2025-04-21 10:26:00,1,889,four_seat,4,2,662
S2,2025-04-21 10:21:00,1,890,four_seat,4,3,663
S3,2025-04-21 10:58:00,1,893,four_seat,4,1,664
S5,2025-04-21 11:41:00,1,898,two_seat,2,1,667
S2,2025-04-21 11:47:00,1,900,four_seat,4,2,668
S5,2025-04-21 14:55:00,1,901,two_seat,2,1,669
S4,2025-04-21 10:57:00,1,903,four_seat,4,4,670
S1,2025-04-21 15:45:00,1,904,four_seat,4,1,671
S5,2025-04-21 16:37:00,1,906,two_seat,2,1,672
S1,2025-04-21 20:22:00,1,907,four_seat,4,4,673
S5,2025-04-21 09:55:00,1,908,two_seat,2,2,674
S2,2025-04-21 13:34:00,1,910,four_seat,4,3,675
S2,2025-04-21 15:11:00,1,911,four_seat,4,1,676
S6,2025-04-21 17:02:00,1,913,two_seat,2,1,677
S5,2025-04-21 09:14:00,1,914,two_seat,2,2,678
S3,2025-04-21 16:45:00,1,916,four_seat,4,3,680
S3,2025-04-21 19:01:00,1,917,four_seat,4,1,681
S5,2025-04-21 12:39:00,1,922,two_seat,2,2,683
S2,2025-04-21 14:12:00,1,923,four_seat,4,3,684
S4,2025-04-21 17:08:00,1,924,four_seat,4,2,685
S5,2025-04-21 18:44:00,1,925,two_seat,2,2,686
S3,2025-04-21 14:47:00,1,926,four_seat,4,3,687
S6,2025-04-21 18:55:00,1,927,two_seat,2,2,688
S7,2025-04-21 15:50:00,1,928,two_seat,2,2,689
S4,2025-04-21 15:54:00,1,929,four_seat,4,4,690
S1,2025-04-21 17:26:00,1,930,four_seat,4,4,691
S3,2025-04-21 12:44:00,1,931,four_seat,4,4,692
S1,2025-04-21 14:27:00,1,934,four_seat,4,3,695
S6,2025-04-21 15:13:00,1,935,two_seat,2,2,696
S3,2025-04-21 17:39:00,1,936,four_seat,4,3,697
S6,2025-04-21 09:23:00,1,937,two_seat,2,2,698
S5,2025-04-21 13:52:00,1,938,two_seat,2,2,699
S4,2025-04-21 13:40:00,1,939,four_seat,4,3,700
S7,2025-04-21 18:54:00,1,943,two_seat,2,1,703
S2,2025-04-21 19:37:00,1,949,four_seat,4,3,706
S6,2025-04-21 11:14:00,1,952,two_seat,2,2,707
S8,2025-04-21 16:29:00,1,955,two_seat,2,1,710
S7,2025-04-21 17:36:00,1,959,two_seat,2,1,711
S8,2025-04-21 18:35:00,1,963,two_seat,2,2,714
S7,2025-04-21 14:10:00,1,968,two_seat,2,2,717
S7,2025-04-21 11:50:00,1,970,two_seat,2,2,719
S9,2025-04-21 16:45:00,1,971,two_seat,2,1,720
S4,2025-04-21 19:27:00,1,976,four_seat,4,3,725
S1,2025-04-21 09:35:00,1,981,four_seat,4,1,727
S7,2025-04-21 11:07:00,1,982,two_seat,2,1,728
S8,2025-04-21 12:16:00,1,984,two_seat,2,2,730
S1,2025-04-22 14:27:00,1,988,four_seat,4,4,732
S1,2025-04-22 18:26:00,1,989,four_seat,4,4,733
S1,2025-04-22 10:29:00,1,990,four_seat,4,4,734
S2,2025-04-22 14:50:00,1,992,four_seat,4,3,736
S5,2025-04-22 19:22:00,1,993,two_seat,2,2,737
S1,2025-04-22 20:20:00,1,996,four_seat,4,2,739
S5,2025-04-22 17:25:00,1,998,two_seat,2,2,740
S2,2025-04-22 20:53:00,1,999,four_seat,4,2,741
S1,2025-04-22 16:34:00,1,1000,four_seat,4,4,742
S2,2025-04-22 11:25:00,1,1001,four_seat,4,2,743
S5,2025-04-22 13:02:00,1,1002,two_seat,2,1,744
S3,2025-04-22 21:04:00,1,1003,four_seat,4,3,745
S2,2025-04-22 11:50:00,1,1004,four_seat,4,2,746
S3,2025-04-22 13:45:00,1,1005,four_seat,4,4,747
S6,2025-04-22 14:20:00,1,1008,two_seat,2,2,750
S3,2025-04-22 11:01:00,1,1009,four_seat,4,1,751
S6,2025-04-22 16:46:00,1,1012,two_seat,2,1,753
S2,2025-04-22 18:36:00,1,1013,four_seat,4,4,754
S4,2025-04-22 21:12:00,1,1014,four_seat,4,2,755
S2,2025-04-22 10:05:00,1,1015,four_seat,4,4,756
S4,2025-04-22 11:35:00,1,1016,four_seat,4,3,757
S7,2025-04-22 17:15:00,1,1021,two_seat,2,1,759
S1,2025-04-22 12:26:00,1,1023,four_seat,4,3,761
S2,2025-04-22 10:52:00,1,1025,four_seat,4,3,762
S8,2025-04-22 16:59:00,1,1026,two_seat,2,2,763
S4,2025-04-22 14:29:00,1,1027,four_seat,4,1,764
S7,2025-04-22 14:55:00,1,1031,two_seat,2,2,766
S9,2025-04-22 16:35:00,1,1034,two_seat,2,2,769
S5,2025-04-22 09:14:00,1,1035,two_seat,2,2,770
S7,2025-04-22 13:52:00,1,1039,two_seat,2,2,774
S1,2025-04-22 09:16:00,1,1042,four_seat,4,1,776
S5,2025-04-22 15:02:00,1,1043,two_seat,2,2,777
S2,2025-04-22 13:15:00,1,1044,four_seat,4,4,778
S4,2025-04-22 12:15:00,1,1049,four_seat,4,2,782
S1,2025-04-22 17:47:00,1,1050,four_seat,4,2,783
S6,2025-04-22 10:13:00,1,1051,two_seat,2,1,784
S8,2025-04-22 15:04:00,1,1056,two_seat,2,1,788
S8,2025-04-22 12:33:00,1,1059,two_seat,2,1,791
S5,2025-04-22 11:05:00,1,1060,two_seat,2,2,792
S4,2025-04-22 13:27:00,1,1061,four_seat,4,4,793
S9,2025-04-22 13:56:00,1,1062,two_seat,2,1,794
S3,2025-04-22 17:56:00,1,1063,four_seat,4,2,795
S6,2025-04-22 15:21:00,1,1064,two_seat,2,2,796
S3,2025-04-22 09:27:00,1,1065,four_seat,4,1,797
S8,2025-04-22 14:30:00,1,1067,two_seat,2,2,799
S6,2025-04-22 12:02:00,1,1068,two_seat,2,2,800
S5,2025-04-22 16:27:00,1,1071,two_seat,2,2,803
S4,2025-04-22 18:06:00,1,1076,four_seat,4,4,807
S7,2025-04-22 11:31:00,1,1081,two_seat,2,1,811
S1,2025-04-22 15:59:00,1,1084,four_seat,4,4,814
S7,2025-04-22 12:54:00,1,1085,two_seat,2,2,815
S4,2025-04-22 09:42:00,1,1086,four_seat,4,1,816
S4,2025-04-22 18:39:00,1,1088,four_seat,4,2,817
S1,2025-04-22 13:18:00,1,1089,four_seat,4,3,818
S6,2025-04-22 20:33:00,1,1094,two_seat,2,2,822
S6,2025-04-22 19:01:00,1,1095,two_seat,2,1,823
S6,2025-04-22 19:38:00,1,1097,two_seat,2,2,825
S5,2025-04-22 12:34:00,1,1101,two_seat,2,2,827
S3,2025-04-22 13:07:00,1,1102,four_seat,4,2,828
S8,2025-04-22 11:35:00,1,1103,two_seat,2,2,829
S9,2025-04-22 12:44:00,1,1108,two_seat,2,2,833
S7,2025-04-22 09:06:00,1,1111,two_seat,2,1,835
S2,2025-04-22 17:32:00,1,1114,four_seat,4,2,837
S1,2025-04-23 10:35:00,1,1115,four_seat,4,3,838
S1,2025-04-23 15:55:00,1,1117,four_seat,4,1,840
S1,2025-04-23 18:38:00,1,1118,four_seat,4,3,841
S2,2025-04-23 15:35:00,1,1119,four_seat,4,3,842
S5,2025-04-23 12:05:00,1,1120,two_seat,2,2,843
S5,2025-04-23 10:32:00,1,1122,two_seat,2,1,845
S1,2025-04-23 17:14:00,1,1123,four_seat,4,2,846
S2,2025-04-23 11:23:00,1,1125,four_seat,4,1,847
S6,2025-04-23 12:51:00,1,1126,two_seat,2,2,848
S1,2025-04-23 17:33:00,1,1128,four_seat,4,4,850
S6,2025-04-23 09:56:00,1,1131,two_seat,2,2,852
S1,2025-04-23 09:30:00,1,1132,four_seat,4,2,853
S3,2025-04-23 10:05:00,1,1138,four_seat,4,2,856
S2,2025-04-23 16:09:00,1,1140,four_seat,4,2,858
S2,2025-04-23 18:24:00,1,1141,four_seat,4,2,859
S7,2025-04-23 12:33:00,1,1142,two_seat,2,2,860
S3,2025-04-23 19:07:00,1,1145,four_seat,4,2,863
S1,2025-04-23 13:40:00,1,1147,four_seat,4,2,864
S5,2025-04-23 17:45:00,1,1148,two_seat,2,2,865
S5,2025-04-23 15:48:00,1,1149,two_seat,2,1,866
S2,2025-04-23 13:00:00,1,1150,four_seat,4,2,867
S1,2025-04-23 14:40:00,1,1151,four_seat,4,4,868
S3,2025-04-23 16:40:00,1,1152,four_seat,4,2,869
S5,2025-04-23 09:21:00,1,1153,two_seat,2,2,870
S7,2025-04-23 10:13:00,1,1156,two_seat,2,2,872
S6,2025-04-23 15:57:00,1,1157,two_seat,2,2,873
S3,2025-04-23 15:03:00,1,1159,four_seat,4,3,874
S1,2025-04-23 20:36:00,1,1160,four_seat,4,2,875
S4,2025-04-23 19:29:00,1,1164,four_seat,4,3,879
S7,2025-04-23 10:45:00,1,1165,two_seat,2,1,880
S3,2025-04-23 14:03:00,1,1166,four_seat,4,2,881
S3,2025-04-23 18:43:00,1,1168,four_seat,4,4,882
S4,2025-04-23 17:48:00,1,1169,four_seat,4,4,883
S5,2025-04-23 18:57:00,1,1170,two_seat,2,2,884
S1,2025-04-23 12:44:00,1,1172,four_seat,4,2,886
S6,2025-04-23 17:54:00,1,1173,two_seat,2,1,887
S7,2025-04-23 17:07:00,1,1174,two_seat,2,1,888
S5,2025-04-23 11:32:00,1,1175,two_seat,2,2,889
S3,2025-04-23 13:22:00,1,1176,four_seat,4,3,890
S8,2025-04-23 12:04:00,1,1177,two_seat,2,2,891
S8,2025-04-23 09:32:00,1,1180,two_seat,2,1,894
S5,2025-04-23 13:13:00,1,1182,two_seat,2,1,895
S2,2025-04-23 09:34:00,1,1184,four_seat,4,1,896
S5,2025-04-23 14:37:00,1,1187,two_seat,2,1,898
S4,2025-04-23 11:37:00,1,1189,four_seat,4,2,899
S9,2025-04-23 11:39:00,1,1193,two_seat,2,2,903
S7,2025-04-23 18:18:00,1,1194,two_seat,2,1,904
S9,2025-04-23 09:02:00,1,1195,two_seat,2,2,905
S4,2025-04-23 10:17:00,1,1196,four_seat,4,2,906
S2,2025-04-23 20:18:00,1,1198,four_seat,4,2,908
S7,2025-04-23 14:55:00,1,1199,two_seat,2,2,909
S2,2025-04-23 14:46:00,1,1200,four_seat,4,4,910
S2,2025-04-23 14:15:00,1,1201,four_seat,4,3,911
S4,2025-04-23 13:41:00,1,1206,four_seat,4,4,915
S6,2025-04-23 11:55:00,1,1209,two_seat,2,2,917
S4,2025-04-23 15:34:00,1,1211,four_seat,4,4,919
S8,2025-04-23 16:11:00,1,1215,two_seat,2,2,921
S6,2025-04-23 14:47:00,1,1216,two_seat,2,2,922
S9,2025-04-23 15:25:00,1,1222,two_seat,2,2,927
S6,2025-04-23 18:43:00,1,1224,two_seat,2,2,928
S1,2025-04-24 16:48:00,1,1239,four_seat,4,1,935
S5,2025-04-24 10:05:00,1,1240,two_seat,2,1,936
S2,2025-04-24 18:26:00,1,1241,four_seat,4,1,937
S5,2025-04-24 20:54:00,1,1242,two_seat,2,1,938
S5,2025-04-24 19:42:00,1,1244,two_seat,2,1,939
S5,2025-04-24 14:59:00,1,1245,two_seat,2,2,940
S3,2025-04-24 17:59:00,1,1246,four_seat,4,3,941
S1,2025-04-24 11:19:00,1,1247,four_seat,4,2,942
S2,2025-04-24 16:26:00,1,1248,four_seat,4,1,943
S4,2025-04-24 16:42:00,1,1250,four_seat,4,2,944
S5,2025-04-24 17:39:00,1,1251,two_seat,2,2,945
S1,2025-04-24 12:21:00,1,1252,four_seat,4,2,946
S2,2025-04-24 12:33:00,1,1253,four_seat,4,2,947
S3,2025-04-24 16:31:00,1,1254,four_seat,4,2,948
S6,2025-04-24 17:31:00,1,1255,two_seat,2,1,949
S1,2025-04-24 15:16:00,1,1256,four_seat,4,4,950
S2,2025-04-24 13:25:00,1,1258,four_seat,4,1,952
S3,2025-04-24 12:31:00,1,1261,four_seat,4,4,954
S7,2025-04-24 18:35:00,1,1262,two_seat,2,2,955
S5,2025-04-24 11:53:00,1,1263,two_seat,2,1,956
S8,2025-04-24 17:35:00,1,1267,two_seat,2,2,960
S4,2025-04-24 12:18:00,1,1268,four_seat,4,4,961
S1,2025-04-24 21:23:00,1,1272,four_seat,4,4,964
S2,2025-04-24 10:33:00,1,1273,four_seat,4,4,965
S3,2025-04-24 14:29:00,1,1274,four_seat,4,4,966
S1,2025-04-24 13:35:00,1,1276,four_seat,4,3,968
S6,2025-04-24 13:03:00,1,1277,two_seat,2,1,969
S1,2025-04-24 09:16:00,1,1278,four_seat,4,3,970
S3,2025-04-24 10:47:00,1,1282,four_seat,4,3,973
S9,2025-04-24 17:42:00,1,1284,two_seat,2,1,975
S7,2025-04-24 14:16:00,1,1286,two_seat,2,2,977
S7,2025-04-24 17:09:00,1,1287,two_seat,2,1,978
S3,2025-04-24 09:25:00,1,1288,four_seat,4,4,979
S4,2025-04-24 10:22:00,1,1291,four_seat,4,4,981
S1,2025-04-24 18:44:00,1,1297,four_seat,4,2,986
S2,2025-04-24 09:07:00,1,1302,four_seat,4,4,990
S4,2025-04-24 14:36:00,1,1303,four_seat,4,3,991
S4,2025-04-24 11:19:00,1,1308,four_seat,4,1,996
S5,2025-04-24 16:50:00,1,1311,two_seat,2,2,998
S6,2025-04-24 10:50:00,1,1313,two_seat,2,2,1000
S5,2025-04-24 10:48:00,1,1316,two_seat,2,2,1002
S4,2025-04-24 18:34:00,1,1321,four_seat,4,3,1007
S6,2025-04-24 10:10:00,1,1332,two_seat,2,1,1013
S2,2025-04-24 19:33:00,1,1334,four_seat,4,1,1015
S6,2025-04-24 16:02:00,1,1344,two_seat,2,1,1023
S3,2025-04-24 19:12:00,1,1346,four_seat,4,3,1025
S5,2025-04-24 13:32:00,1,1347,two_seat,2,1,1026
S2,2025-04-24 21:24:00,1,1349,four_seat,4,1,1028
S1,2025-04-25 09:07:00,1,1355,four_seat,4,3,1033
S1,2025-04-25 16:31:00,1,1356,four_seat,4,1,1034
S1,2025-04-25 21:18:00,1,1357,four_seat,4,4,1035
S1,2025-04-25 12:43:00,1,1358,four_seat,4,4,1036
S1,2025-04-25 13:47:00,1,1359,four_seat,4,2,1037
S2,2025-04-25 09:48:00,1,1360,four_seat,4,2,1038
S1,2025-04-25 18:04:00,1,1366,four_seat,4,4,1041
S5,2025-04-25 13:28:00,1,1367,two_seat,2,1,1042
S1,2025-04-25 11:07:00,1,1368,four_seat,4,1,1043
S3,2025-04-25 10:50:00,1,1369,four_seat,4,1,1044
S2,2025-04-25 14:42:00,1,1370,four_seat,4,2,1045
S5,2025-04-25 09:18:00,1,1371,two_seat,2,2,1046
S3,2025-04-25 15:56:00,1,1372,four_seat,4,1,1047
S2,2025-04-25 12:27:00,1,1373,four_seat,4,1,1048
S5,2025-04-25 19:36:00,1,1374,two_seat,2,1,1049
S5,2025-04-25 17:38:00,1,1377,two_seat,2,1,1050
S2,2025-04-25 17:52:00,1,1380,four_seat,4,1,1052
S2,2025-04-25 16:27:00,1,1382,four_seat,4,4,1054
S5,2025-04-25 10:30:00,1,1383,two_seat,2,2,1055
S6,2025-04-25 14:13:00,1,1384,two_seat,2,2,1056
S6,2025-04-25 17:52:00,1,1385,two_seat,2,2,1057
S3,2025-04-25 18:27:00,1,1388,four_seat,4,3,1059
S2,2025-04-25 16:50:00,1,1390,four_seat,4,2,1060
S3,2025-04-25 09:01:00,1,1391,four_seat,4,2,1061
S3,2025-04-25 13:51:00,1,1394,four_seat,4,2,1064
S6,2025-04-25 11:22:00,1,1395,two_seat,2,1,1065
S4,2025-04-25 14:40:00,1,1398,four_seat,4,1,1066
S5,2025-04-25 17:04:00,1,1399,two_seat,2,1,1067
S6,2025-04-25 09:17:00,1,1400,two_seat,2,2,1068
S4,2025-04-25 09:54:00,1,1406,four_seat,4,3,1073
S4,2025-04-25 11:56:00,1,1408,four_seat,4,3,1075
S6,2025-04-25 09:49:00,1,1409,two_seat,2,2,1076
S1,2025-04-25 10:33:00,1,1410,four_seat,4,2,1077
S4,2025-04-25 17:19:00,1,1411,four_seat,4,1,1078
S5,2025-04-25 15:23:00,1,1412,two_seat,2,1,1079
S7,2025-04-25 13:23:00,1,1414,two_seat,2,1,1081
S6,2025-04-25 15:19:00,1,1417,two_seat,2,1,1084
S7,2025-04-25 10:52:00,1,1422,two_seat,2,1,1086
S6,2025-04-25 20:30:00,1,1425,two_seat,2,2,1087
S8,2025-04-25 13:00:00,1,1426,two_seat,2,2,1088
S2,2025-04-25 19:43:00,1,1428,four_seat,4,2,1089
S9,2025-04-25 12:51:00,1,1431,two_seat,2,2,1092
S7,2025-04-25 18:02:00,1,1433,two_seat,2,1,1094
S3,2025-04-25 19:34:00,1,1434,four_seat,4,4,1095
S7,2025-04-25 16:25:00,1,1435,two_seat,2,1,1096
S1,2025-04-25 15:17:00,1,1436,four_seat,4,3,1097
S8,2025-04-25 15:55:00,1,1446,two_seat,2,2,1107
S7,2025-04-25 20:30:00,1,1448,two_seat,2,1,1108
S3,2025-04-25 12:34:00,1,1457,four_seat,4,2,1115
S7,2025-04-25 16:56:00,1,1460,two_seat,2,1,1117
S3,2025-04-25 17:55:00,1,1462,four_seat,4,3,1119
S1,2025-04-26 11:00:00,1,1464,four_seat,4,4,1121
S1,2025-04-26 13:20:00,1,1465,four_seat,4,3,1122
S1,2025-04-26 18:55:00,1,1466,four_seat,4,2,1123
S2,2025-04-26 11:22:00,1,1468,four_seat,4,2,1124
S2,2025-04-26 13:58:00,1,1469,four_seat,4,1,1125
S5,2025-04-26 11:22:00,1,1470,two_seat,2,1,1126
S1,2025-04-26 16:01:00,1,1471,four_seat,4,1,1127
S3,2025-04-26 13:52:00,1,1472,four_seat,4,2,1128
S5,2025-04-26 10:26:00,1,1474,two_seat,2,2,1130
S3,2025-04-26 11:00:00,1,1475,four_seat,4,4,1131
S5,2025-04-26 17:05:00,1,1477,two_seat,2,1,1133
S6,2025-04-26 16:40:00,1,1478,two_seat,2,2,1134
S5,2025-04-26 15:11:00,1,1479,two_seat,2,2,1135
S4,2025-04-26 11:03:00,1,1483,four_seat,4,1,1137
S5,2025-04-26 17:36:00,1,1484,two_seat,2,2,1138
S2,2025-04-26 20:28:00,1,1485,four_seat,4,4,1139
S2,2025-04-26 18:55:00,1,1489,four_seat,4,1,1141
S3,2025-04-26 19:34:00,1,1495,four_seat,4,2,1143
S6,2025-04-26 11:25:00,1,1496,two_seat,2,1,1144
S2,2025-04-26 10:00:00,1,1497,four_seat,4,2,1145
S5,2025-04-26 12:06:00,1,1499,two_seat,2,2,1147
S4,2025-04-26 18:54:00,1,1500,four_seat,4,2,1148
S5,2025-04-26 15:42:00,1,1501,two_seat,2,1,1149
S2,2025-04-26 13:15:00,1,1502,four_seat,4,3,1150
S2,2025-04-26 12:08:00,1,1503,four_seat,4,3,1151
S1,2025-04-26 09:31:00,1,1508,four_seat,4,1,1155
S5,2025-04-26 14:02:00,1,1509,two_seat,2,2,1156
S7,2025-04-26 11:03:00,1,1510,two_seat,2,2,1157
S2,2025-04-26 17:10:00,1,1512,four_seat,4,4,1158
S3,2025-04-26 20:22:00,1,1513,four_seat,4,3,1159
S3,2025-04-26 19:00:00,1,1516,four_seat,4,2,1161
S4,2025-04-26 13:51:00,1,1518,four_seat,4,3,1163
S8,2025-04-26 11:35:00,1,1519,two_seat,2,2,1164
S9,2025-04-26 11:30:00,1,1520,two_seat,2,1,1165
S6,2025-04-26 14:26:00,1,1521,two_seat,2,1,1166
S7,2025-04-26 13:27:00,1,1523,two_seat,2,2,1167
S3,2025-04-26 16:29:00,1,1525,four_seat,4,4,1169
S2,2025-04-26 16:30:00,1,1529,four_seat,4,3,1171
S7,2025-04-26 16:39:00,1,1531,two_seat,2,1,1172
S8,2025-04-26 13:24:00,1,1533,two_seat,2,1,1174
S8,2025-04-26 10:43:00,1,1535,two_seat,2,2,1175
S9,2025-04-26 12:59:00,1,1539,two_seat,2,1,1179
S8,2025-04-26 14:57:00,1,1548,two_seat,2,1,1185
S5,2025-04-26 19:58:00,1,1550,two_seat,2,2,1187
S8,2025-04-26 17:09:00,1,1552,two_seat,2,2,1188
S9,2025-04-26 09:49:00,1,1553,two_seat,2,1,1189
S5,2025-04-26 14:24:00,1,1555,two_seat,2,2,1191
S9,2025-04-26 15:32:00,1,1556,two_seat,2,1,1192
S4,2025-04-26 15:13:00,1,1559,four_seat,4,1,1195
S6,2025-04-26 18:54:00,1,1566,two_seat,2,1,1199
S7,2025-04-26 12:13:00,1,1575,two_seat,2,2,1205
S4,2025-04-26 17:01:00,1,1578,four_seat,4,1,1207
S1,2025-04-26 20:57:00,1,1584,four_seat,4,4,1210
S2,2025-04-26 14:48:00,1,1606,four_seat,4,4,1223
S7,2025-04-26 17:52:00,1,1607,two_seat,2,2,1224
S9,2025-04-26 17:37:00,1,1622,two_seat,2,2,1233
S1,2025-04-26 10:15:00,1,1624,four_seat,4,3,1235
S3,2025-04-26 09:14:00,1,1626,four_seat,4,2,1236
S3,2025-04-26 12:59:00,1,1627,four_seat,4,4,1237
S5,2025-04-27 11:11:00,1,1631,two_seat,2,2,1240
S5,2025-04-27 20:39:00,1,1632,two_seat,2,2,1241
S5,2025-04-27 09:31:00,1,1634,two_seat,2,2,1242
S1,2025-04-27 18:42:00,1,1637,four_seat,4,4,1243
S1,2025-04-27 16:28:00,1,1638,four_seat,4,2,1244
S1,2025-04-27 10:31:00,1,1640,four_seat,4,3,1245
S5,2025-04-27 16:44:00,1,1642,two_seat,2,2,1246
S2,2025-04-27 17:50:00,1,1643,four_seat,4,3,1247
S2,2025-04-27 10:50:00,1,1644,four_seat,4,1,1248
S6,2025-04-27 12:43:00,1,1645,two_seat,2,1,1249
S1,2025-04-27 13:56:00,1,1648,four_seat,4,4,1251
S7,2025-04-27 11:20:00,1,1649,two_seat,2,1,1252
S1,2025-04-27 13:07:00,1,1650,four_seat,4,1,1253
S2,2025-04-27 19:52:00,1,1654,four_seat,4,3,1256
S2,2025-04-27 13:34:00,1,1660,four_seat,4,2,1258
S5,2025-04-27 15:32:00,1,1661,two_seat,2,2,1259
S3,2025-04-27 19:30:00,1,1662,four_seat,4,2,1260
S3,2025-04-27 12:53:00,1,1663,four_seat,4,1,1261
S1,2025-04-27 12:39:00,1,1664,four_seat,4,3,1262
S3,2025-04-27 16:20:00,1,1666,four_seat,4,3,1264
S3,2025-04-27 13:45:00,1,1668,four_seat,4,2,1266
S3,2025-04-27 17:57:00,1,1669,four_seat,4,2,1267
S1,2025-04-27 14:15:00,1,1671,four_seat,4,4,1268
S1,2025-04-27 11:54:00,1,1672,four_seat,4,3,1269
S3,2025-04-27 10:40:00,1,1674,four_seat,4,3,1270
S8,2025-04-27 12:45:00,1,1675,two_seat,2,1,1271
S4,2025-04-27 13:04:00,1,1676,four_seat,4,1,1272
S1,2025-04-27 20:51:00,1,1680,four_seat,4,2,1273
S4,2025-04-27 12:43:00,1,1681,four_seat,4,3,1274
S4,2025-04-27 19:38:00,1,1682,four_seat,4,1,1275
S5,2025-04-27 13:13:00,1,1685,two_seat,2,2,1277
S6,2025-04-27 17:10:00,1,1688,two_seat,2,1,1279
S1,2025-04-27 09:18:00,1,1694,four_seat,4,2,1285
S7,2025-04-27 17:51:00,1,1703,two_seat,2,2,1292
S4,2025-04-27 17:03:00,1,1706,four_seat,4,1,1293
S6,2025-04-27 15:50:00,1,1708,two_seat,2,1,1295
S7,2025-04-27 15:56:00,1,1710,two_seat,2,1,1296
S8,2025-04-27 16:51:00,1,1711,two_seat,2,1,1297
S4,2025-04-27 10:53:00,1,1714,four_seat,4,3,1299
S2,2025-04-27 16:13:00,1,1717,four_seat,4,4,1301
S1,2025-04-27 10:10:00,1,1718,four_seat,4,4,1302
S6,2025-04-27 11:07:00,1,1721,two_seat,2,1,1305
S6,2025-04-27 09:17:00,1,1726,two_seat,2,2,1307
S5,2025-04-27 18:44:00,1,1729,two_seat,2,2,1309
S8,2025-04-27 18:14:00,1,1734,two_seat,2,2,1312
S2,2025-04-27 20:57:00,1,1736,four_seat,4,1,1314
S2,2025-04-27 14:36:00,1,1739,four_seat,4,1,1317
S6,2025-04-27 19:01:00,1,1740,two_seat,2,1,1318
S9,2025-04-27 15:26:00,1,1745,two_seat,2,2,1321
S5,2025-04-27 10:41:00,1,1755,two_seat,2,2,1326
S2,2025-04-27 18:56:00,1,1756,four_seat,4,2,1327
S8,2025-04-27 10:13:00,1,1767,two_seat,2,2,1336
S2,2025-04-27 09:48:00,1,1773,four_seat,4,4,1339
S9,2025-04-27 10:19:00,1,1774,two_seat,2,1,1340
S3,2025-04-27 15:35:00,1,1784,four_seat,4,2,1346
S2,2025-04-27 12:46:00,1,1786,four_seat,4,3,1348
S2,2025-04-27 15:23:00,1,1789,four_seat,4,4,1350
S2,2025-04-27 09:10:00,1,1792,four_seat,4,2,1352
S5,2025-04-27 14:42:00,1,1796,two_seat,2,2,1354
S5,2025-04-28 19:36:00,1,1802,two_seat,2,1,1360
S5,2025-04-28 16:16:00,1,1803,two_seat,2,1,1361
S1,2025-04-28 12:29:00,1,1804,four_seat,4,1,1362
S1,2025-04-28 16:41:00,1,1807,four_seat,4,2,1364
S1,2025-04-28 14:24:00,1,1808,four_seat,4,2,1365
S2,2025-04-28 12:49:00,1,1809,four_seat,4,4,1366
S2,2025-04-28 16:16:00,1,1810,four_seat,4,3,1367
S3,2025-04-28 12:32:00,1,1812,four_seat,4,4,1369
S1,2025-04-28 21:03:00,1,1813,four_seat,4,2,1370
S5,2025-04-28 21:03:00,1,1814,two_seat,2,1,1371
S1,2025-04-28 09:55:00,1,1815,four_seat,4,4,1372
S6,2025-04-28 17:01:00,1,1817,two_seat,2,1,1374
S3,2025-04-28 15:38:00,1,1819,four_seat,4,3,1376
S3,2025-04-28 16:45:00,1,1821,four_seat,4,4,1378
S4,2025-04-28 13:07:00,1,1822,four_seat,4,1,1379
S2,2025-04-28 12:07:00,1,1823,four_seat,4,4,1380
S1,2025-04-28 11:20:00,1,1826,four_seat,4,2,1381
S4,2025-04-28 12:31:00,1,1827,four_seat,4,1,1382
S7,2025-04-28 15:31:00,1,1830,two_seat,2,1,1384
S5,2025-04-28 18:15:00,1,1833,two_seat,2,2,1387
S6,2025-04-28 16:39:00,1,1834,two_seat,2,1,1388
S5,2025-04-28 13:12:00,1,1836,two_seat,2,2,1390
S4,2025-04-28 17:44:00,1,1837,four_seat,4,4,1391
S5,2025-04-28 10:07:00,1,1845,two_seat,2,1,1395
S2,2025-04-28 14:26:00,1,1847,four_seat,4,4,1396
S5,2025-04-28 14:58:00,1,1849,two_seat,2,1,1397
S6,2025-04-28 12:19:00,1,1850,two_seat,2,1,1398
S1,2025-04-28 19:15:00,1,1856,four_seat,4,2,1402
S6,2025-04-28 18:09:00,1,1857,two_seat,2,2,1403
S4,2025-04-28 15:35:00,1,1860,four_seat,4,4,1404
S2,2025-04-28 18:18:00,1,1861,four_seat,4,1,1405
S2,2025-04-28 19:15:00,1,1863,four_seat,4,2,1406
S3,2025-04-28 11:32:00,1,1864,four_seat,4,3,1407
S6,2025-04-28 09:41:00,1,1865,two_seat,2,2,1408
S7,2025-04-28 12:21:00,1,1868,two_seat,2,1,1410
S5,2025-04-28 09:14:00,1,1869,two_seat,2,2,1411
S3,2025-04-28 20:05:00,1,1870,four_seat,4,4,1412
S7,2025-04-28 10:14:00,1,1872,two_seat,2,2,1414
S4,2025-04-28 19:50:00,1,1874,four_seat,4,3,1416
S2,2025-04-28 09:43:00,1,1875,four_seat,4,2,1417
S3,2025-04-28 18:35:00,1,1880,four_seat,4,1,1421
S7,2025-04-28 18:32:00,1,1881,two_seat,2,2,1422
S8,2025-04-28 17:17:00,1,1885,two_seat,2,2,1425
S9,2025-04-28 17:17:00,1,1886,two_seat,2,2,1426
S6,2025-04-28 14:48:00,1,1887,two_seat,2,1,1427
S6,2025-04-28 19:18:00,1,1889,two_seat,2,1,1428
S3,2025-04-28 15:04:00,1,1894,four_seat,4,3,1432
S4,2025-04-28 14:13:00,1,1895,four_seat,4,1,1433
S1,2025-04-28 18:42:00,1,1897,four_seat,4,4,1435
S4,2025-04-28 18:39:00,1,1900,four_seat,4,1,1437
S2,2025-04-28 10:01:00,1,1910,four_seat,4,4,1446
S1,2025-04-29 12:41:00,1,1917,four_seat,4,4,1451
S5,2025-04-29 15:43:00,1,1920,two_seat,2,1,1452
S2,2025-04-29 11:59:00,1,1921,four_seat,4,4,1453
S1,2025-04-29 09:49:00,1,1922,four_seat,4,2,1454
S5,2025-04-29 17:45:00,1,1924,two_seat,2,2,1456
S5,2025-04-29 12:08:00,1,1927,two_seat,2,2,1457
S3,2025-04-29 13:04:00,1,1928,four_seat,4,3,1458
S6,2025-04-29 14:50:00,1,1931,two_seat,2,2,1460
S1,2025-04-29 19:03:00,1,1932,four_seat,4,4,1461
S5,2025-04-29 11:40:00,1,1933,two_seat,2,2,1462
S4,2025-04-29 13:25:00,1,1934,four_seat,4,2,1463
S2,2025-04-29 18:46:00,1,1936,four_seat,4,2,1465
S2,2025-04-29 09:51:00,1,1937,four_seat,4,2,1466
S1,2025-04-29 14:52:00,1,1938,four_seat,4,2,1467
S2,2025-04-29 14:24:00,1,1939,four_seat,4,1,1468
S7,2025-04-29 15:30:00,1,1942,two_seat,2,1,1470
S5,2025-04-29 13:07:00,1,1944,two_seat,2,1,1471
S6,2025-04-29 13:21:00,1,1945,two_seat,2,2,1472
S1,2025-04-29 16:54:00,1,1948,four_seat,4,3,1474
S3,2025-04-29 09:32:00,1,1950,four_seat,4,3,1476
S6,2025-04-29 11:11:00,1,1951,two_seat,2,1,1477
S8,2025-04-29 14:27:00,1,1956,two_seat,2,1,1480
S5,2025-04-29 20:50:00,1,1958,two_seat,2,1,1482
S3,2025-04-29 15:39:00,1,1961,four_seat,4,2,1485
S6,2025-04-29 17:13:00,1,1962,two_seat,2,2,1486
S2,2025-04-29 17:05:00,1,1964,four_seat,4,2,1487
S9,2025-04-29 15:44:00,1,1965,two_seat,2,2,1488
S3,2025-04-29 11:04:00,1,1968,four_seat,4,1,1490
S3,2025-04-29 18:50:00,1,1976,four_seat,4,2,1494
S9,2025-04-29 13:51:00,1,1978,two_seat,2,2,1495
S7,2025-04-29 12:27:00,1,1979,two_seat,2,1,1496
S1,2025-04-29 09:25:00,1,1981,four_seat,4,3,1498
S4,2025-04-29 14:22:00,1,1982,four_seat,4,4,1499
S4,2025-04-29 09:23:00,1,1986,four_seat,4,3,1501
S3,2025-04-29 15:08:00,1,1987,four_seat,4,1,1502
S5,2025-04-29 19:56:00,1,1988,two_seat,2,2,1503
S8,2025-04-29 11:21:00,1,1989,two_seat,2,1,1504
S4,2025-04-29 18:37:00,1,1991,four_seat,4,1,1505
S6,2025-04-29 19:52:00,1,1996,two_seat,2,1,1509
S7,2025-04-29 18:13:00,1,2001,two_seat,2,1,1513
S1,2025-04-29 12:09:00,1,2003,four_seat,4,4,1514
S4,2025-04-29 12:26:00,1,2007,four_seat,4,2,1518
S2,2025-04-29 09:15:00,1,2010,four_seat,4,4,1520
S5,2025-04-29 10:01:00,1,2012,two_seat,2,1,1522
S7,2025-04-29 11:22:00,1,2014,two_seat,2,1,1523
S1,2025-04-29 20:06:00,1,2018,four_seat,4,1,1527
S6,2025-04-29 09:03:00,1,2019,two_seat,2,2,1528
S4,2025-04-29 11:57:00,1,2023,four_seat,4,2,1531
S7,2025-04-29 20:51:00,1,2024,two_seat,2,1,1532
S7,2025-04-29 09:39:00,1,2025,two_seat,2,2,1533
S3,2025-04-29 16:43:00,1,2026,four_seat,4,1,1534
S1,2025-04-29 20:51:00,1,2029,four_seat,4,4,1537
S1,2025-04-30 12:15:00,1,2030,four_seat,4,1,1538
S5,2025-04-30 16:31:00,1,2031,two_seat,2,2,1539
S1,2025-04-30 18:07:00,1,2033,four_seat,4,4,1541
S1,2025-04-30 10:19:00,1,2034,four_seat,4,4,1542
S5,2025-04-30 20:16:00,1,2035,two_seat,2,1,1543
S5,2025-04-30 12:50:00,1,2039,two_seat,2,2,1546
S5,2025-04-30 19:21:00,1,2042,two_seat,2,1,1548
S6,2025-04-30 19:18:00,1,2045,two_seat,2,1,1550
S2,2025-04-30 11:05:00,1,2048,four_seat,4,4,1552
S1,2025-04-30 14:40:00,1,2049,four_seat,4,4,1553
S1,2025-04-30 11:37:00,1,2052,four_seat,4,2,1556
S2,2025-04-30 14:50:00,1,2053,four_seat,4,4,1557
S1,2025-04-30 09:13:00,1,2054,four_seat,4,3,1558
S1,2025-04-30 16:17:00,1,2055,four_seat,4,3,1559
S3,2025-04-30 12:12:00,1,2057,four_seat,4,3,1561
S2,2025-04-30 12:47:00,1,2058,four_seat,4,3,1562
S5,2025-04-30 18:29:00,1,2059,two_seat,2,2,1563
S3,2025-04-30 09:47:00,1,2060,four_seat,4,1,1564
S3,2025-04-30 15:13:00,1,2061,four_seat,4,1,1565
S5,2025-04-30 17:22:00,1,2062,two_seat,2,2,1566
S2,2025-04-30 17:18:00,1,2064,four_seat,4,1,1567
S4,2025-04-30 16:40:00,1,2065,four_seat,4,1,1568
S4,2025-04-30 15:21:00,1,2066,four_seat,4,3,1569
S1,2025-04-30 19:50:00,1,2070,four_seat,4,1,1571
S4,2025-04-30 12:58:00,1,2071,four_seat,4,4,1572
S5,2025-04-30 14:42:00,1,2073,two_seat,2,2,1574
S6,2025-04-30 11:42:00,1,2078,two_seat,2,2,1577
S6,2025-04-30 15:26:00,1,2079,two_seat,2,1,1578
S3,2025-04-30 11:49:00,1,2082,four_seat,4,1,1581
S3,2025-04-30 18:49:00,1,2085,four_seat,4,2,1583
S4,2025-04-30 14:16:00,1,2089,four_seat,4,1,1585
S4,2025-04-30 18:41:00,1,2090,four_seat,4,3,1586
S5,2025-04-30 09:58:00,1,2091,two_seat,2,2,1587
S2,2025-04-30 21:04:00,1,2092,four_seat,4,2,1588
S2,2025-04-30 09:47:00,1,2095,four_seat,4,1,1590
S6,2025-04-30 09:54:00,1,2100,two_seat,2,2,1593
S4,2025-04-30 09:51:00,1,2102,four_seat,4,2,1594
S7,2025-04-30 12:43:00,1,2106,two_seat,2,2,1596
S2,2025-04-30 15:58:00,1,2111,four_seat,4,4,1600
S6,2025-04-30 19:51:00,1,2116,two_seat,2,2,1605
S7,2025-04-30 11:08:00,1,2123,two_seat,2,2,1609
S3,2025-04-30 14:13:00,1,2124,four_seat,4,2,1610
S2,2025-04-30 19:50:00,1,2127,four_seat,4,3,1613
S4,2025-04-30 10:47:00,1,2128,four_seat,4,2,1614
S3,2025-04-30 17:10:00,1,2130,four_seat,4,1,1616
S8,2025-04-30 14:11:00,1,2131,two_seat,2,2,1617
S6,2025-04-30 18:41:00,1,2136,two_seat,2,1,1621
S1,2025-05-01 09:21:00,1,2140,four_seat,4,3,1625
S5,2025-05-01 20:57:00,1,2144,two_seat,2,2,1627
S1,2025-05-01 14:35:00,1,2145,four_seat,4,4,1628
S1,2025-05-01 18:50:00,1,2146,four_seat,4,3,1629
S1,2025-05-01 16:38:00,1,2149,four_seat,4,3,1631
S1,2025-05-01 12:54:00,1,2151,four_seat,4,3,1633
S2,2025-05-01 18:08:00,1,2152,four_seat,4,4,1634
S2,2025-05-01 15:09:00,1,2154,four_seat,4,3,1636
S5,2025-05-01 13:47:00,1,2156,two_seat,2,2,1637
S2,2025-05-01 14:33:00,1,2158,four_seat,4,2,1638
S5,2025-05-01 10:04:00,1,2160,two_seat,2,2,1639
S6,2025-05-01 09:57:00,1,2161,two_seat,2,2,1640
S5,2025-05-01 17:40:00,1,2163,two_seat,2,1,1642
S3,2025-05-01 14:48:00,1,2164,four_seat,4,1,1643
S5,2025-05-01 19:09:00,1,2166,two_seat,2,2,1644
S4,2025-05-01 15:02:00,1,2167,four_seat,4,2,1645
S6,2025-05-01 18:07:00,1,2173,two_seat,2,2,1649
S2,2025-05-01 20:27:00,1,2175,four_seat,4,2,1650
S1,2025-05-01 11:15:00,1,2176,four_seat,4,2,1651
S4,2025-05-01 13:36:00,1,2177,four_seat,4,2,1652
S7,2025-05-01 09:20:00,1,2179,two_seat,2,2,1653
S2,2025-05-01 12:25:00,1,2182,four_seat,4,1,1655
S1,2025-05-01 16:08:00,1,2183,four_seat,4,3,1656
S7,2025-05-01 18:45:00,1,2184,two_seat,2,1,1657
S3,2025-05-01 17:54:00,1,2185,four_seat,4,2,1658
S3,2025-05-01 13:10:00,1,2188,four_seat,4,2,1661
S5,2025-05-01 15:43:00,1,2192,two_seat,2,1,1664
S7,2025-05-01 16:55:00,1,2196,two_seat,2,2,1668
S6,2025-05-01 16:49:00,1,2197,two_seat,2,2,1669
S2,2025-05-01 11:12:00,1,2198,four_seat,4,3,1670
S2,2025-05-01 09:14:00,1,2204,four_seat,4,2,1672
S2,2025-05-01 16:57:00,1,2205,four_seat,4,3,1673
S3,2025-05-01 16:48:00,1,2208,four_seat,4,1,1676
S4,2025-05-01 12:01:00,1,2209,four_seat,4,2,1677
S3,2025-05-01 11:37:00,1,2213,four_seat,4,4,1679
S3,2025-05-01 20:24:00,1,2217,four_seat,4,4,1682
S5,2025-05-01 12:21:00,1,2222,two_seat,2,2,1685
S3,2025-05-01 18:55:00,1,2225,four_seat,4,3,1687
S7,2025-05-01 10:28:00,1,2231,two_seat,2,1,1688
S4,2025-05-01 17:02:00,1,2232,four_seat,4,1,1689
S5,2025-05-01 14:58:00,1,2234,two_seat,2,2,1691
S4,2025-05-01 18:55:00,1,2237,four_seat,4,2,1694
S3,2025-05-01 10:38:00,1,2241,four_seat,4,2,1696
S6,2025-05-01 14:22:00,1,2246,two_seat,2,1,1701
S6,2025-05-01 12:13:00,1,2249,two_seat,2,2,1704
S4,2025-05-01 09:24:00,1,2250,four_seat,4,2,1705
S8,2025-05-01 10:21:00,1,2252,two_seat,2,2,1706
S6,2025-05-01 15:04:00,1,2258,two_seat,2,2,1709
S8,2025-05-01 16:55:00,1,2260,two_seat,2,2,1710
S7,2025-05-01 13:37:00,1,2261,two_seat,2,1,1711
S9,2025-05-01 09:37:00,1,2262,two_seat,2,2,1712
S7,2025-05-01 14:44:00,1,2269,two_seat,2,2,1716
S7,2025-05-01 12:14:00,1,2271,two_seat,2,1,1717
S3,2025-05-01 17:16:00,1,2272,four_seat,4,1,1718
S6,2025-05-01 20:07:00,1,2276,two_seat,2,2,1721
S8,2025-05-01 12:00:00,1,2279,two_seat,2,2,1722
S7,2025-05-01 12:56:00,1,2281,two_seat,2,2,1724
S3,2025-05-01 09:02:00,1,2285,four_seat,4,3,1727
S9,2025-05-01 12:09:00,1,2287,two_seat,2,1,1729
S3,2025-05-01 18:21:00,1,2288,four_seat,4,4,1730
S1,2025-05-01 09:59:00,1,2297,four_seat,4,1,1735
S1,2025-05-02 10:26:00,1,2305,four_seat,4,1,1741
S1,2025-05-02 14:39:00,1,2306,four_seat,4,1,1742
S5,2025-05-02 18:28:00,1,2312,two_seat,2,2,1746
S5,2025-05-02 09:28:00,1,2314,two_seat,2,1,1747
S2,2025-05-02 14:48:00,1,2317,four_seat,4,3,1749
S6,2025-05-02 17:02:00,1,2319,two_seat,2,1,1750
S1,2025-05-02 17:58:00,1,2320,four_seat,4,1,1751
S3,2025-05-02 14:07:00,1,2321,four_seat,4,4,1752
S1,2025-05-02 12:34:00,1,2323,four_seat,4,1,1753
S5,2025-05-02 16:44:00,1,2325,two_seat,2,2,1754
S5,2025-05-02 13:01:00,1,2327,two_seat,2,1,1755
S1,2025-05-02 11:37:00,1,2329,four_seat,4,2,1757
S1,2025-05-02 16:03:00,1,2331,four_seat,4,2,1759
S7,2025-05-02 16:16:00,1,2336,two_seat,2,2,1762
S6,2025-05-02 14:03:00,1,2337,two_seat,2,1,1763
S4,2025-05-02 14:33:00,1,2341,four_seat,4,1,1766
S7,2025-05-02 18:09:00,1,2343,two_seat,2,2,1768
S1,2025-05-02 19:51:00,1,2345,four_seat,4,2,1770
S6,2025-05-02 09:21:00,1,2346,two_seat,2,2,1771
S7,2025-05-02 13:25:00,1,2348,two_seat,2,1,1773
S7,2025-05-02 17:29:00,1,2349,two_seat,2,1,1774
S2,2025-05-02 20:29:00,1,2350,four_seat,4,3,1775
S3,2025-05-02 19:21:00,1,2352,four_seat,4,4,1777
S2,2025-05-02 10:42:00,1,2356,four_seat,4,4,1778
S1,2025-05-02 13:43:00,1,2358,four_seat,4,4,1780
S7,2025-05-02 10:18:00,1,2359,two_seat,2,2,1781
S3,2025-05-02 12:09:00,1,2362,four_seat,4,3,1784
S6,2025-05-02 15:36:00,1,2363,two_seat,2,1,1785
S8,2025-05-02 15:57:00,1,2364,two_seat,2,1,1786
S1,2025-05-02 20:40:00,1,2365,four_seat,4,3,1787
S8,2025-05-02 13:03:00,1,2367,two_seat,2,2,1789
S8,2025-05-02 10:26:00,1,2368,two_seat,2,2,1790
S4,2025-05-02 19:56:00,1,2370,four_seat,4,4,1792
S9,2025-05-02 13:49:00,1,2372,two_seat,2,1,1794
S8,2025-05-02 18:42:00,1,2376,two_seat,2,1,1797
S4,2025-05-02 11:38:00,1,2379,four_seat,4,4,1800
S2,2025-05-02 16:28:00,1,2385,four_seat,4,3,1803
S6,2025-05-02 11:38:00,1,2386,two_seat,2,1,1804
S1,2025-05-02 18:57:00,1,2388,four_seat,4,2,1806
S3,2025-05-02 11:33:00,1,2389,four_seat,4,1,1807
S5,2025-05-02 11:08:00,1,2390,two_seat,2,2,1808
S2,2025-05-02 12:20:00,1,2393,four_seat,4,2,1810
S3,2025-05-02 09:18:00,1,2394,four_seat,4,3,1811
S2,2025-05-02 18:05:00,1,2396,four_seat,4,2,1812
S7,2025-05-02 12:51:00,1,2398,two_seat,2,2,1813
S3,2025-05-02 17:12:00,1,2399,four_seat,4,3,1814
S1,2025-05-02 09:16:00,1,2401,four_seat,4,2,1815
S5,2025-05-02 17:57:00,1,2403,two_seat,2,2,1816
S2,2025-05-02 09:34:00,1,2404,four_seat,4,2,1817
S2,2025-05-02 19:43:00,1,2407,four_seat,4,2,1818
S2,2025-05-02 15:14:00,1,2408,four_seat,4,3,1819
S4,2025-05-02 16:09:00,1,2413,four_seat,4,2,1822
S4,2025-05-02 10:22:00,1,2414,four_seat,4,3,1823
S9,2025-05-02 18:41:00,1,2415,two_seat,2,1,1824
S2,2025-05-02 21:08:00,1,2419,four_seat,4,1,1828
S5,2025-05-03 17:05:00,1,2423,two_seat,2,2,1831
S1,2025-05-03 10:56:00,1,2424,four_seat,4,4,1832
S1,2025-05-03 18:52:00,1,2425,four_seat,4,2,1833
S5,2025-05-03 09:27:00,1,2427,two_seat,2,2,1835
S1,2025-05-03 18:13:00,1,2429,four_seat,4,2,1836
S2,2025-05-03 18:15:00,1,2430,four_seat,4,2,1837
S5,2025-05-03 19:33:00,1,2431,two_seat,2,1,1838
S2,2025-05-03 12:11:00,1,2432,four_seat,4,1,1839
S1,2025-05-03 15:27:00,1,2433,four_seat,4,1,1840
S1,2025-05-03 13:52:00,1,2434,four_seat,4,4,1841
S5,2025-05-03 10:37:00,1,2436,two_seat,2,2,1843
S2,2025-05-03 10:48:00,1,2439,four_seat,4,1,1845
S6,2025-05-03 09:33:00,1,2440,two_seat,2,1,1846
S1,2025-05-03 09:55:00,1,2441,four_seat,4,1,1847
S3,2025-05-03 10:29:00,1,2443,four_seat,4,4,1849
S2,2025-05-03 13:59:00,1,2446,four_seat,4,4,1850
S3,2025-05-03 11:02:00,1,2447,four_seat,4,1,1851
S1,2025-05-03 17:16:00,1,2453,four_seat,4,1,1855
S1,2025-05-03 20:59:00,1,2455,four_seat,4,4,1856
S3,2025-05-03 18:14:00,1,2457,four_seat,4,2,1857
S4,2025-05-03 17:44:00,1,2460,four_seat,4,3,1859
S5,2025-05-03 11:44:00,1,2462,two_seat,2,1,1860
S4,2025-05-03 11:10:00,1,2463,four_seat,4,4,1861
S2,2025-05-03 14:44:00,1,2464,four_seat,4,4,1862
S5,2025-05-03 14:52:00,1,2467,two_seat,2,1,1864
S6,2025-05-03 11:45:00,1,2470,two_seat,2,1,1867
S6,2025-05-03 12:39:00,1,2473,two_seat,2,1,1869
S2,2025-05-03 17:15:00,1,2474,four_seat,4,2,1870
S2,2025-05-03 20:57:00,1,2475,four_seat,4,1,1871
S2,2025-05-03 16:31:00,1,2476,four_seat,4,3,1872
S6,2025-05-03 16:24:00,1,2477,two_seat,2,1,1873
S6,2025-05-03 18:32:00,1,2478,two_seat,2,1,1874
S3,2025-05-03 13:12:00,1,2479,four_seat,4,3,1875
S7,2025-05-03 11:43:00,1,2481,two_seat,2,1,1877
S7,2025-05-03 19:37:00,1,2482,two_seat,2,2,1878
S7,2025-05-03 10:08:00,1,2484,two_seat,2,1,1879
S8,2025-05-03 18:19:00,1,2489,two_seat,2,2,1880
S6,2025-05-03 15:17:00,1,2491,two_seat,2,1,1881
S4,2025-05-03 13:28:00,1,2492,four_seat,4,3,1882
S8,2025-05-03 12:14:00,1,2493,two_seat,2,1,1883
S1,2025-05-03 16:49:00,1,2495,four_seat,4,2,1885
S7,2025-05-03 18:02:00,1,2496,two_seat,2,1,1886
S8,2025-05-03 12:53:00,1,2499,two_seat,2,1,1889
S8,2025-05-03 11:10:00,1,2500,two_seat,2,2,1890
S3,2025-05-03 15:54:00,1,2501,four_seat,4,4,1891
S9,2025-05-03 12:14:00,1,2502,two_seat,2,2,1892
S7,2025-05-03 16:57:00,1,2503,two_seat,2,1,1893
S2,2025-05-03 12:31:00,1,2511,four_seat,4,2,1896
S4,2025-05-03 09:26:00,1,2513,four_seat,4,3,1897
S3,2025-05-03 19:13:00,1,2517,four_seat,4,2,1900
S2,2025-05-03 17:37:00,1,2522,four_seat,4,3,1904
S8,2025-05-03 17:11:00,1,2527,two_seat,2,2,1907
S9,2025-05-03 16:19:00,1,2528,two_seat,2,1,1908
S6,2025-05-03 20:36:00,1,2533,two_seat,2,2,1912
S6,2025-05-03 17:31:00,1,2549,two_seat,2,1,1922
S8,2025-05-03 16:30:00,1,2555,two_seat,2,2,1928
S5,2025-05-03 13:29:00,1,2560,two_seat,2,2,1930
S2,2025-05-03 09:46:00,1,2563,four_seat,4,4,1932
S1,2025-05-03 12:48:00,1,2568,four_seat,4,3,1933
S4,2025-05-03 16:15:00,1,2570,four_seat,4,3,1934
S8,2025-05-03 09:19:00,1,2588,two_seat,2,2,1948
S7,2025-05-03 14:48:00,1,2598,two_seat,2,1,1955
S1,2025-05-04 12:51:00,1,2602,four_seat,4,2,1957
S2,2025-05-04 13:27:00,1,2605,four_seat,4,2,1959
S1,2025-05-04 09:38:00,1,2606,four_seat,4,4,1960
S5,2025-05-04 09:30:00,1,2610,two_seat,2,2,1963
S1,2025-05-04 20:43:00,1,2611,four_seat,4,1,1964
S1,2025-05-04 17:52:00,1,2613,four_seat,4,1,1966
S5,2025-05-04 18:06:00,1,2615,two_seat,2,2,1967
S5,2025-05-04 12:29:00,1,2616,two_seat,2,2,1968
S5,2025-05-04 11:45:00,1,2617,two_seat,2,2,1969
S2,2025-05-04 12:04:00,1,2622,four_seat,4,2,1970
S1,2025-05-04 15:48:00,1,2624,four_seat,4,4,1971
S6,2025-05-04 12:28:00,1,2628,two_seat,2,2,1973
S3,2025-05-04 13:43:00,1,2630,four_seat,4,2,1974
S3,2025-05-04 12:39:00,1,2631,four_seat,4,1,1975
S1,2025-05-04 11:07:00,1,2632,four_seat,4,2,1976
S1,2025-05-04 20:13:00,1,2633,four_seat,4,3,1977
S2,2025-05-04 16:49:00,1,2637,four_seat,4,1,1980
S5,2025-05-04 13:36:00,1,2638,two_seat,2,2,1981
S7,2025-05-04 11:38:00,1,2639,two_seat,2,1,1982
S3,2025-05-04 16:48:00,1,2640,four_seat,4,1,1983
S4,2025-05-04 13:27:00,1,2642,four_seat,4,1,1984
S3,2025-05-04 10:25:00,1,2643,four_seat,4,1,1985
S7,2025-05-04 13:24:00,1,2644,two_seat,2,2,1986
S8,2025-05-04 13:31:00,1,2647,two_seat,2,1,1988
S4,2025-05-04 16:40:00,1,2651,four_seat,4,4,1992
S8,2025-05-04 11:18:00,1,2653,two_seat,2,2,1994
S2,2025-05-04 10:07:00,1,2657,four_seat,4,3,1996
S5,2025-05-04 16:22:00,1,2658,two_seat,2,2,1997
S4,2025-05-04 11:05:00,1,2662,four_seat,4,4,2000
S6,2025-05-04 15:26:00,1,2663,two_seat,2,1,2001
S6,2025-05-04 19:18:00,1,2665,two_seat,2,2,2002
S4,2025-05-04 17:45:00,1,2667,four_seat,4,3,2004
S6,2025-05-04 18:55:00,1,2672,two_seat,2,1,2006
S2,2025-05-04 21:16:00,1,2673,four_seat,4,4,2007
S6,2025-05-04 11:39:00,1,2677,two_seat,2,1,2011
S4,2025-05-04 11:55:00,1,2680,four_seat,4,2,2013
S9,2025-05-04 13:29:00,1,2682,two_seat,2,1,2014
S7,2025-05-04 16:24:00,1,2683,two_seat,2,1,2015
S8,2025-05-04 15:35:00,1,2693,two_seat,2,1,2022
S9,2025-05-04 12:17:00,1,2695,two_seat,2,1,2024
S6,2025-05-04 17:32:00,1,2701,two_seat,2,2,2028
S2,2025-05-04 20:49:00,1,2703,four_seat,4,4,2030
S6,2025-05-04 09:28:00,1,2710,two_seat,2,1,2032
S9,2025-05-04 17:05:00,1,2712,two_seat,2,1,2033
S3,2025-05-04 09:12:00,1,2713,four_seat,4,2,2034
S2,2025-05-04 15:34:00,1,2714,four_seat,4,2,2035
S7,2025-05-04 18:07:00,1,2715,two_seat,2,2,2036
S2,2025-05-04 18:55:00,1,2718,four_seat,4,1,2038
S3,2025-05-04 20:28:00,1,2721,four_seat,4,1,2040
S7,2025-05-04 09:57:00,1,2722,two_seat,2,2,2041
S7,2025-05-04 19:10:00,1,2723,two_seat,2,1,2042
S7,2025-05-04 12:53:00,1,2725,two_seat,2,1,2043
S5,2025-05-04 20:38:00,1,2733,two_seat,2,1,2049
S8,2025-05-04 18:28:00,1,2738,two_seat,2,1,2052
S8,2025-05-04 12:54:00,1,2742,two_seat,2,1,2055
S1,2025-05-04 11:37:00,1,2743,four_seat,4,1,2056
S7,2025-05-04 19:54:00,1,2746,two_seat,2,1,2057
S3,2025-05-04 18:54:00,1,2748,four_seat,4,3,2059
S5,2025-05-04 14:46:00,1,2755,two_seat,2,2,2064
S8,2025-05-04 20:27:00,1,2757,two_seat,2,1,2065
S4,2025-05-04 19:11:00,1,2760,four_seat,4,4,2067
S1,2025-05-05 14:36:00,1,2769,four_seat,4,3,2070
S1,2025-05-05 14:01:00,1,2770,four_seat,4,3,2071
S1,2025-05-05 18:44:00,1,2773,four_seat,4,4,2074
S1,2025-05-05 11:01:00,1,2774,four_seat,4,4,2075
S5,2025-05-05 14:41:00,1,2775,two_seat,2,1,2076
S6,2025-05-05 15:29:00,1,2777,two_seat,2,1,2078
S5,2025-05-05 12:23:00,1,2781,two_seat,2,1,2081
S2,2025-05-05 19:00:00,1,2782,four_seat,4,4,2082
S5,2025-05-05 09:59:00,1,2783,two_seat,2,2,2083
S2,2025-05-05 13:45:00,1,2784,four_seat,4,1,2084
S2,2025-05-05 15:56:00,1,2785,four_seat,4,1,2085
S5,2025-05-05 15:54:00,1,2786,two_seat,2,2,2086
S3,2025-05-05 17:54:00,1,2787,four_seat,4,1,2087
S1,2025-05-05 20:26:00,1,2788,four_seat,4,4,2088
S6,2025-05-05 14:14:00,1,2789,two_seat,2,1,2089
S2,2025-05-05 12:07:00,1,2791,four_seat,4,1,2090
S6,2025-05-05 09:59:00,1,2793,two_seat,2,2,2091
S3,2025-05-05 11:41:00,1,2794,four_seat,4,1,2092
S3,2025-05-05 13:09:00,1,2798,four_seat,4,1,2094
S1,2025-05-05 13:22:00,1,2800,four_seat,4,1,2096
S4,2025-05-05 11:25:00,1,2803,four_seat,4,4,2098
S4,2025-05-05 17:21:00,1,2804,four_seat,4,1,2099
S2,2025-05-05 17:34:00,1,2805,four_seat,4,4,2100
S6,2025-05-05 12:22:00,1,2807,two_seat,2,1,2101
S7,2025-05-05 12:15:00,1,2808,two_seat,2,2,2102
S7,2025-05-05 15:33:00,1,2811,two_seat,2,2,2103
S1,2025-05-05 17:22:00,1,2813,four_seat,4,2,2104
S1,2025-05-05 18:12:00,1,2814,four_seat,4,4,2105
S4,2025-05-05 19:15:00,1,2815,four_seat,4,4,2106
S4,2025-05-05 13:57:00,1,2816,four_seat,4,1,2107
S2,2025-05-05 12:41:00,1,2817,four_seat,4,4,2108
S5,2025-05-05 20:33:00,1,2818,two_seat,2,1,2109
S6,2025-05-05 21:01:00,1,2821,two_seat,2,2,2111
S3,2025-05-05 14:55:00,1,2822,four_seat,4,1,2112
S4,2025-05-05 13:13:00,1,2823,four_seat,4,3,2113
S3,2025-05-05 16:57:00,1,2827,four_seat,4,3,2117
S8,2025-05-05 12:55:00,1,2829,two_seat,2,2,2119
S7,2025-05-05 09:52:00,1,2831,two_seat,2,2,2120
S2,2025-05-05 10:22:00,1,2832,four_seat,4,3,2121
S8,2025-05-05 15:30:00,1,2833,two_seat,2,2,2122
S4,2025-05-05 15:27:00,1,2846,four_seat,4,4,2129
S1,2025-05-05 09:18:00,1,2847,four_seat,4,2,2130
S2,2025-05-05 09:46:00,1,2848,four_seat,4,4,2131
S9,2025-05-05 15:30:00,1,2851,two_seat,2,2,2134
S8,2025-05-05 10:18:00,1,2858,two_seat,2,2,2140
S3,2025-05-05 09:36:00,1,2859,four_seat,4,4,2141
S3,2025-05-05 10:52:00,1,2866,four_seat,4,2,2147
S7,2025-05-05 14:00:00,1,2877,two_seat,2,2,2153
S5,2025-05-05 17:36:00,1,2879,two_seat,2,2,2155
S6,2025-05-05 17:52:00,1,2880,two_seat,2,1,2156
S7,2025-05-05 17:48:00,1,2891,two_seat,2,2,2161
S8,2025-05-05 17:54:00,1,2894,two_seat,2,2,2162
S9,2025-05-05 09:13:00,1,2895,two_seat,2,1,2163
S9,2025-05-05 12:32:00,1,2896,two_seat,2,1,2164
S9,2025-05-05 18:16:00,1,2897,two_seat,2,1,2165
S4,2025-05-05 09:45:00,1,2898,four_seat,4,1,2166
S8,2025-05-05 13:28:00,1,2905,two_seat,2,2,2173
S9,2025-05-05 16:10:00,1,2906,two_seat,2,1,2174
S5,2025-05-05 18:43:00,1,2910,two_seat,2,1,2178
S3,2025-05-05 10:09:00,1,2912,four_seat,4,4,2180
S1,2025-05-05 12:34:00,1,2915,four_seat,4,3,2183
S1,2025-05-06 11:06:00,1,2933,four_seat,4,4,2193
S1,2025-05-06 11:39:00,1,2934,four_seat,4,2,2194
S5,2025-05-06 16:49:00,1,2935,two_seat,2,2,2195
S6,2025-05-06 16:22:00,1,2936,two_seat,2,2,2196
S5,2025-05-06 13:32:00,1,2937,two_seat,2,2,2197
S6,2025-05-06 12:16:00,1,2938,two_seat,2,1,2198
S1,2025-05-06 16:23:00,1,2939,four_seat,4,3,2199
S1,2025-05-06 09:44:00,1,2940,four_seat,4,2,2200
S2,2025-05-06 09:44:00,1,2941,four_seat,4,4,2201
S3,2025-05-06 11:04:00,1,2942,four_seat,4,2,2202
S2,2025-05-06 11:49:00,1,2944,four_seat,4,2,2203
S3,2025-05-06 11:58:00,1,2945,four_seat,4,1,2204
S2,2025-05-06 15:04:00,1,2946,four_seat,4,4,2205
S1,2025-05-06 17:53:00,1,2948,four_seat,4,3,2206
S4,2025-05-06 11:55:00,1,2949,four_seat,4,4,2207
S3,2025-05-06 16:41:00,1,2950,four_seat,4,2,2208
S2,2025-05-06 18:19:00,1,2951,four_seat,4,1,2209
S7,2025-05-06 16:37:00,1,2952,two_seat,2,2,2210
S1,2025-05-06 20:54:00,1,2953,four_seat,4,4,2211
S4,2025-05-06 15:49:00,1,2954,four_seat,4,3,2212
S5,2025-05-06 14:14:00,1,2959,two_seat,2,1,2214
S1,2025-05-06 19:55:00,1,2960,four_seat,4,4,2215
S4,2025-05-06 10:52:00,1,2962,four_seat,4,1,2217
S2,2025-05-06 21:24:00,1,2965,four_seat,4,2,2219
S3,2025-05-06 10:05:00,1,2967,four_seat,4,3,2220
S1,2025-05-06 14:06:00,1,2968,four_seat,4,4,2221
S3,2025-05-06 14:44:00,1,2970,four_seat,4,2,2223
S5,2025-05-06 21:07:00,1,2972,two_seat,2,2,2225
S3,2025-05-06 15:43:00,1,2977,four_seat,4,2,2227
S5,2025-05-06 18:16:00,1,2978,two_seat,2,1,2228
S6,2025-05-06 19:54:00,1,2979,two_seat,2,1,2229
S1,2025-05-06 13:34:00,1,2980,four_seat,4,3,2230
S5,2025-05-06 12:11:00,1,2981,two_seat,2,1,2231
S5,2025-05-06 11:34:00,1,2983,two_seat,2,1,2232
S6,2025-05-06 13:59:00,1,2984,two_seat,2,2,2233
S7,2025-05-06 14:19:00,1,2987,two_seat,2,1,2235
S4,2025-05-06 14:04:00,1,2993,four_seat,4,4,2240
S8,2025-05-06 14:49:00,1,2994,two_seat,2,1,2241
S7,2025-05-06 12:58:00,1,2997,two_seat,2,2,2244
S2,2025-05-06 13:37:00,1,2999,four_seat,4,1,2245
S2,2025-05-06 17:16:00,1,3000,four_seat,4,1,2246
S3,2025-05-06 13:41:00,1,3001,four_seat,4,3,2247
S2,2025-05-06 20:19:00,1,3003,four_seat,4,1,2248
S5,2025-05-06 09:54:00,1,3011,two_seat,2,1,2252
S3,2025-05-06 09:50:00,1,3012,four_seat,4,3,2253
S8,2025-05-06 12:08:00,1,3016,two_seat,2,1,2256
S9,2025-05-06 12:57:00,1,3018,two_seat,2,1,2257
S4,2025-05-06 09:06:00,1,3020,four_seat,4,2,2259
S8,2025-05-06 16:50:00,1,3025,two_seat,2,1,2262
S3,2025-05-06 19:52:00,1,3026,four_seat,4,1,2263
S6,2025-05-06 18:27:00,1,3030,two_seat,2,2,2267
S9,2025-05-06 17:00:00,1,3036,two_seat,2,1,2268
S3,2025-05-06 18:28:00,1,3037,four_seat,4,4,2269
S4,2025-05-06 19:48:00,1,3041,four_seat,4,1,2271
S5,2025-05-06 15:58:00,1,3043,two_seat,2,2,2272
S5,2025-05-06 19:14:00,1,3046,two_seat,2,1,2274
S7,2025-05-06 20:16:00,1,3048,two_seat,2,1,2276
S4,2025-05-06 17:54:00,1,3052,four_seat,4,2,2279
S3,2025-05-06 20:36:00,1,3065,four_seat,4,2,2291
S5,2025-05-07 14:55:00,1,3067,two_seat,2,1,2293
S1,2025-05-07 10:51:00,1,3068,four_seat,4,2,2294
S1,2025-05-07 10:31:00,1,3069,four_seat,4,4,2295
S6,2025-05-07 15:21:00,1,3070,two_seat,2,2,2296
S5,2025-05-07 10:43:00,1,3071,two_seat,2,2,2297
S1,2025-05-07 17:24:00,1,3073,four_seat,4,1,2298
S2,2025-05-07 10:36:00,1,3074,four_seat,4,2,2299
S1,2025-05-07 12:49:00,1,3076,four_seat,4,3,2300
S2,2025-05-07 11:53:00,1,3077,four_seat,4,3,2301
S7,2025-05-07 15:35:00,1,3081,two_seat,2,2,2302
S1,2025-05-07 09:18:00,1,3083,four_seat,4,3,2303
S8,2025-05-07 14:50:00,1,3085,two_seat,2,2,2304
S1,2025-05-07 15:27:00,1,3086,four_seat,4,4,2305
S3,2025-05-07 09:47:00,1,3087,four_seat,4,1,2306
S5,2025-05-07 18:53:00,1,3088,two_seat,2,1,2307
S4,2025-05-07 10:36:00,1,3090,four_seat,4,4,2309
S6,2025-05-07 11:19:00,1,3092,two_seat,2,1,2310
S3,2025-05-07 12:37:00,1,3093,four_seat,4,2,2311
S2,2025-05-07 16:19:00,1,3098,four_seat,4,1,2313
S2,2025-05-07 18:16:00,1,3102,four_seat,4,3,2317
S2,2025-05-07 09:53:00,1,3104,four_seat,4,4,2319
S1,2025-05-07 21:17:00,1,3105,four_seat,4,4,2320
S4,2025-05-07 11:39:00,1,3106,four_seat,4,3,2321
S3,2025-05-07 18:37:00,1,3107,four_seat,4,4,2322
S3,2025-05-07 16:38:00,1,3112,four_seat,4,4,2325
S5,2025-05-07 13:56:00,1,3113,two_seat,2,1,2326
S6,2025-05-07 18:04:00,1,3114,two_seat,2,1,2327
S3,2025-05-07 12:59:00,1,3117,four_seat,4,2,2329
S3,2025-05-07 11:03:00,1,3119,four_seat,4,1,2330
S5,2025-05-07 13:22:00,1,3120,two_seat,2,2,2331
S5,2025-05-07 16:54:00,1,3121,two_seat,2,2,2332
S1,2025-05-07 20:40:00,1,3124,four_seat,4,2,2334
S4,2025-05-07 16:22:00,1,3130,four_seat,4,4,2337
S2,2025-05-07 20:47:00,1,3131,four_seat,4,4,2338
S9,2025-05-07 15:38:00,1,3138,two_seat,2,2,2345
S7,2025-05-07 17:29:00,1,3141,two_seat,2,2,2348
S6,2025-05-07 10:40:00,1,3145,two_seat,2,2,2350
S4,2025-05-07 18:01:00,1,3146,four_seat,4,4,2351
S2,2025-05-07 17:38:00,1,3148,four_seat,4,2,2353
S1,2025-05-07 12:00:00,1,3149,four_seat,4,1,2354
S2,2025-05-07 14:25:00,1,3150,four_seat,4,3,2355
S6,2025-05-07 12:39:00,1,3151,two_seat,2,1,2356
S8,2025-05-07 16:58:00,1,3152,two_seat,2,1,2357
S5,2025-05-07 09:39:00,1,3156,two_seat,2,1,2360
S6,2025-05-07 09:26:00,1,3157,two_seat,2,2,2361
S1,2025-05-07 13:44:00,1,3158,four_seat,4,1,2362
S7,2025-05-07 09:53:00,1,3163,two_seat,2,1,2365
S5,2025-05-08 13:34:00,1,3171,two_seat,2,1,2372
S1,2025-05-08 10:33:00,1,3172,four_seat,4,4,2373
S5,2025-05-08 16:09:00,1,3173,two_seat,2,2,2374
S1,2025-05-08 16:06:00,1,3175,four_seat,4,3,2375
S1,2025-05-08 16:58:00,1,3176,four_seat,4,4,2376
S2,2025-05-08 09:53:00,1,3178,four_seat,4,3,2377
S6,2025-05-08 13:32:00,1,3180,two_seat,2,2,2379
S7,2025-05-08 14:07:00,1,3182,two_seat,2,1,2380
S1,2025-05-08 15:05:00,1,3184,four_seat,4,4,2382
S2,2025-05-08 14:55:00,1,3187,four_seat,4,3,2384
S3,2025-05-08 10:31:00,1,3188,four_seat,4,2,2385
S5,2025-05-08 18:16:00,1,3189,two_seat,2,1,2386
S5,2025-05-08 11:23:00,1,3190,two_seat,2,2,2387
S2,2025-05-08 16:32:00,1,3191,four_seat,4,2,2388
S3,2025-05-08 14:29:00,1,3192,four_seat,4,2,2389
S4,2025-05-08 11:17:00,1,3193,four_seat,4,1,2390
S3,2025-05-08 17:06:00,1,3194,four_seat,4,4,2391
S4,2025-05-08 14:17:00,1,3195,four_seat,4,1,2392
S4,2025-05-08 16:59:00,1,3196,four_seat,4,3,2393
S1,2025-05-08 09:27:00,1,3199,four_seat,4,4,2396
S6,2025-05-08 15:21:00,1,3201,two_seat,2,1,2397
S5,2025-05-08 12:31:00,1,3208,two_seat,2,1,2402
S1,2025-05-08 17:34:00,1,3209,four_seat,4,3,2403
S2,2025-05-08 17:59:00,1,3210,four_seat,4,1,2404
S5,2025-05-08 20:43:00,1,3211,two_seat,2,1,2405
S5,2025-05-08 10:15:00,1,3212,two_seat,2,2,2406
S8,2025-05-08 15:17:00,1,3213,two_seat,2,1,2407
S3,2025-05-08 16:18:00,1,3216,four_seat,4,2,2409
S8,2025-05-08 13:46:00,1,3217,two_seat,2,2,2410
S4,2025-05-08 18:01:00,1,3218,four_seat,4,1,2411
S1,2025-05-08 13:58:00,1,3219,four_seat,4,4,2412
S2,2025-05-08 11:36:00,1,3221,four_seat,4,4,2413
S6,2025-05-08 17:57:00,1,3222,two_seat,2,2,2414
S7,2025-05-08 18:11:00,1,3223,two_seat,2,2,2415
S7,2025-05-08 15:52:00,1,3224,two_seat,2,1,2416
S8,2025-05-08 18:45:00,1,3225,two_seat,2,1,2417
S7,2025-05-08 12:54:00,1,3227,two_seat,2,2,2418
S6,2025-05-08 09:46:00,1,3229,two_seat,2,2,2419
S3,2025-05-08 18:23:00,1,3230,four_seat,4,3,2420
S8,2025-05-08 17:58:00,1,3231,two_seat,2,1,2421
S6,2025-05-08 11:43:00,1,3233,two_seat,2,1,2422
S2,2025-05-08 19:06:00,1,3235,four_seat,4,1,2424
S1,2025-05-08 12:08:00,1,3239,four_seat,4,3,2426
S6,2025-05-08 19:29:00,1,3240,two_seat,2,1,2427
S4,2025-05-08 18:28:00,1,3242,four_seat,4,4,2429
S9,2025-05-08 13:52:00,1,3245,two_seat,2,2,2431
S1,2025-05-08 21:01:00,1,3247,four_seat,4,4,2433
S9,2025-05-08 17:56:00,1,3251,two_seat,2,1,2436
S4,2025-05-08 09:51:00,1,3254,four_seat,4,2,2438
S3,2025-05-08 12:44:00,1,3259,four_seat,4,4,2443
S7,2025-05-08 10:36:00,1,3262,two_seat,2,2,2446
S8,2025-05-08 10:08:00,1,3264,two_seat,2,2,2448
S9,2025-05-08 15:51:00,1,3279,two_seat,2,1,2459
S2,2025-05-08 13:26:00,1,3284,four_seat,4,3,2464
S3,2025-05-08 20:15:00,1,3285,four_seat,4,2,2465
S8,2025-05-08 13:02:00,1,3288,two_seat,2,1,2467
S5,2025-05-09 15:16:00,1,3291,two_seat,2,1,2469
S5,2025-05-09 11:12:00,1,3292,two_seat,2,1,2470
S5,2025-05-09 10:06:00,1,3293,two_seat,2,1,2471
S1,2025-05-09 12:18:00,1,3294,four_seat,4,3,2472
S2,2025-05-09 11:13:00,1,3295,four_seat,4,3,2473
S1,2025-05-09 10:47:00,1,3296,four_seat,4,1,2474
S1,2025-05-09 16:17:00,1,3298,four_seat,4,2,2476
S1,2025-05-09 17:35:00,1,3299,four_seat,4,3,2477
S2,2025-05-09 15:39:00,1,3302,four_seat,4,3,2479
S1,2025-05-09 14:42:00,1,3303,four_seat,4,2,2480
S6,2025-05-09 16:00:00,1,3304,two_seat,2,2,2481
S3,2025-05-09 11:01:00,1,3305,four_seat,4,4,2482
S5,2025-05-09 13:41:00,1,3306,two_seat,2,2,2483
S2,2025-05-09 16:35:00,1,3307,four_seat,4,1,2484
S6,2025-05-09 13:31:00,1,3310,two_seat,2,1,2486
S5,2025-05-09 12:41:00,1,3311,two_seat,2,1,2487
S2,2025-05-09 13:56:00,1,3312,four_seat,4,2,2488
S1,2025-05-09 11:25:00,1,3313,four_seat,4,1,2489
S1,2025-05-09 09:41:00,1,3314,four_seat,4,1,2490
S1,2025-05-09 19:30:00,1,3315,four_seat,4,3,2491
S3,2025-05-09 14:56:00,1,3316,four_seat,4,1,2492
S2,2025-05-09 09:23:00,1,3317,four_seat,4,3,2493
S6,2025-05-09 09:40:00,1,3318,two_seat,2,2,2494
S5,2025-05-09 17:04:00,1,3320,two_seat,2,2,2496
S3,2025-05-09 16:54:00,1,3321,four_seat,4,2,2497
S1,2025-05-09 09:11:00,1,3322,four_seat,4,2,2498
S4,2025-05-09 14:09:00,1,3323,four_seat,4,3,2499
S7,2025-05-09 10:20:00,1,3324,two_seat,2,1,2500
S4,2025-05-09 17:16:00,1,3325,four_seat,4,2,2501
S4,2025-05-09 12:01:00,1,3328,four_seat,4,3,2503
S2,2025-05-09 18:28:00,1,3329,four_seat,4,1,2504
S3,2025-05-09 09:14:00,1,3330,four_seat,4,1,2505
S8,2025-05-09 10:27:00,1,3332,two_seat,2,2,2507
S3,2025-05-09 09:55:00,1,3336,four_seat,4,3,2510
S2,2025-05-09 20:12:00,1,3337,four_seat,4,1,2511
S6,2025-05-09 11:27:00,1,3338,two_seat,2,2,2512
S7,2025-05-09 13:00:00,1,3341,two_seat,2,1,2514
S8,2025-05-09 13:36:00,1,3343,two_seat,2,2,2515
S8,2025-05-09 09:05:00,1,3344,two_seat,2,1,2516
S9,2025-05-09 11:04:00,1,3348,two_seat,2,2,2520
S7,2025-05-09 15:45:00,1,3358,two_seat,2,2,2527
S9,2025-05-09 14:02:00,1,3360,two_seat,2,2,2529
S3,2025-05-09 13:11:00,1,3363,four_seat,4,3,2531
S1,2025-05-09 15:05:00,1,3367,four_seat,4,1,2533
S4,2025-05-09 09:51:00,1,3368,four_seat,4,2,2534
S7,2025-05-09 17:04:00,1,3372,two_seat,2,1,2537
S5,2025-05-09 20:12:00,1,3373,two_seat,2,1,2538
S2,2025-05-09 17:39:00,1,3374,four_seat,4,2,2539
S3,2025-05-09 12:03:00,1,3375,four_seat,4,4,2540
S3,2025-05-09 19:36:00,1,3378,four_seat,4,1,2541
S1,2025-05-09 21:26:00,1,3381,four_seat,4,3,2543
S4,2025-05-09 09:13:00,1,3388,four_seat,4,1,2547
S5,2025-05-09 21:06:00,1,3390,two_seat,2,2,2549
S4,2025-05-09 19:06:00,1,3393,four_seat,4,4,2551
S6,2025-05-09 18:53:00,1,3398,two_seat,2,2,2555
S3,2025-05-09 20:00:00,1,3401,four_seat,4,3,2557
S1,2025-05-10 19:50:00,1,3404,four_seat,4,1,2560
S5,2025-05-10 16:47:00,1,3406,two_seat,2,2,2561
S5,2025-05-10 17:51:00,1,3407,two_seat,2,1,2562
S1,2025-05-10 17:18:00,1,3414,four_seat,4,2,2563
S5,2025-05-10 12:27:00,1,3418,two_seat,2,1,2566
S2,2025-05-10 17:21:00,1,3419,four_seat,4,4,2567
S1,2025-05-10 13:36:00,1,3425,four_seat,4,4,2571
S1,2025-05-10 11:11:00,1,3426,four_seat,4,4,2572
S6,2025-05-10 17:45:00,1,3428,two_seat,2,1,2573
S1,2025-05-10 09:46:00,1,3429,four_seat,4,4,2574
S7,2025-05-10 16:57:00,1,3432,two_seat,2,1,2575
S1,2025-05-10 15:26:00,1,3435,four_seat,4,1,2577
S2,2025-05-10 10:21:00,1,3436,four_seat,4,2,2578
S2,2025-05-10 13:11:00,1,3438,four_seat,4,4,2579
S3,2025-05-10 13:36:00,1,3439,four_seat,4,4,2580
S1,2025-05-10 18:17:00,1,3440,four_seat,4,3,2581
S2,2025-05-10 15:50:00,1,3441,four_seat,4,1,2582
S2,2025-05-10 09:43:00,1,3443,four_seat,4,2,2584
S6,2025-05-10 13:17:00,1,3444,two_seat,2,1,2585
S2,2025-05-10 19:51:00,1,3449,four_seat,4,2,2588
S3,2025-05-10 11:34:00,1,3450,four_seat,4,4,2589
S2,2025-05-10 14:57:00,1,3452,four_seat,4,1,2590
S3,2025-05-10 09:26:00,1,3454,four_seat,4,3,2591
S8,2025-05-10 17:10:00,1,3458,two_seat,2,2,2592
S5,2025-05-10 19:20:00,1,3462,two_seat,2,2,2594
S9,2025-05-10 17:41:00,1,3463,two_seat,2,1,2595
S3,2025-05-10 16:08:00,1,3464,four_seat,4,3,2596
S1,2025-05-10 14:07:00,1,3469,four_seat,4,4,2601
S4,2025-05-10 16:00:00,1,3470,four_seat,4,4,2602
S5,2025-05-10 10:58:00,1,3471,two_seat,2,1,2603
S4,2025-05-10 09:37:00,1,3474,four_seat,4,3,2605
S3,2025-05-10 20:11:00,1,3475,four_seat,4,2,2606
S2,2025-05-10 11:38:00,1,3478,four_seat,4,3,2609
S3,2025-05-10 17:47:00,1,3479,four_seat,4,3,2610
S4,2025-05-10 13:17:00,1,3484,four_seat,4,4,2614
S4,2025-05-10 10:35:00,1,3487,four_seat,4,1,2617
S1,2025-05-10 12:10:00,1,3490,four_seat,4,3,2619
S1,2025-05-10 18:52:00,1,3492,four_seat,4,1,2620
S3,2025-05-10 19:21:00,1,3498,four_seat,4,4,2625
S4,2025-05-10 12:10:00,1,3499,four_seat,4,1,2626
S3,2025-05-10 10:20:00,1,3500,four_seat,4,3,2627
S6,2025-05-10 09:40:00,1,3501,two_seat,2,1,2628
S7,2025-05-10 18:21:00,1,3504,two_seat,2,2,2629
S6,2025-05-10 16:44:00,1,3506,two_seat,2,2,2631
S7,2025-05-10 12:26:00,1,3515,two_seat,2,1,2637
S4,2025-05-10 19:26:00,1,3516,four_seat,4,4,2638
S3,2025-05-10 12:46:00,1,3520,four_seat,4,1,2641
S1,2025-05-10 09:21:00,1,3529,four_seat,4,2,2645
S7,2025-05-10 10:55:00,1,3530,two_seat,2,2,2646
S4,2025-05-10 18:10:00,1,3537,four_seat,4,4,2650
S3,2025-05-10 15:20:00,1,3538,four_seat,4,4,2651
S8,2025-05-10 13:21:00,1,3559,two_seat,2,2,2666
S5,2025-05-10 13:53:00,1,3561,two_seat,2,1,2668
S5,2025-05-10 09:49:00,1,3562,two_seat,2,2,2669
S8,2025-05-10 18:32:00,1,3567,two_seat,2,1,2673
S3,2025-05-10 18:19:00,1,3570,four_seat,4,4,2675
