person_id,start_time,end_time,wait_duration,reason
2,2025-04-14 10:53:00,2025-04-14 11:13:00,20,No available seats
6,2025-04-14 13:44:00,2025-04-14 14:02:00,18,No available seats
10,2025-04-14 15:15:00,2025-04-14 15:25:00,10,No available seats
20,2025-04-14 15:06:00,2025-04-14 15:22:00,16,No available seats
23,2025-04-14 16:34:00,2025-04-14 16:47:00,13,No available seats
45,2025-04-14 17:41:00,2025-04-14 18:01:00,20,No available seats
53,2025-04-14 15:12:00,2025-04-14 15:21:00,9,No available seats
55,2025-04-14 11:56:00,2025-04-14 12:09:00,13,No available seats
58,2025-04-14 12:01:00,2025-04-14 12:17:00,16,No available seats
61,2025-04-14 17:36:00,2025-04-14 17:41:00,5,No available seats
65,2025-04-14 14:02:00,2025-04-14 14:20:00,18,No available seats
66,2025-04-14 13:39:00,2025-04-14 13:51:00,12,No available seats
68,2025-04-14 15:51:00,2025-04-14 16:00:00,9,No available seats
70,2025-04-14 11:29:00,2025-04-14 11:48:00,19,No available seats
72,2025-04-14 13:44:00,2025-04-14 14:04:00,20,No available seats
73,2025-04-14 15:15:00,2025-04-14 15:31:00,16,No available seats
76,2025-04-14 16:51:00,2025-04-14 17:02:00,11,No available seats
78,2025-04-14 18:33:00,2025-04-14 18:49:00,16,No available seats
79,2025-04-14 20:02:00,2025-04-14 20:17:00,15,No available seats
81,2025-04-14 13:44:00,2025-04-14 13:52:00,8,No available seats
87,2025-04-14 16:44:00,2025-04-14 16:56:00,12,No available seats
88,2025-04-14 12:02:00,2025-04-14 12:19:00,17,No available seats
89,2025-04-14 09:08:00,2025-04-14 09:15:00,7,No available seats
90,2025-04-14 17:19:00,2025-04-14 17:26:00,7,No available seats
94,2025-04-14 16:41:00,2025-04-14 16:47:00,6,No available seats
95,2025-04-14 13:52:00,2025-04-14 13:57:00,5,No available seats
99,2025-04-14 21:11:00,2025-04-14 21:22:00,11,No available seats
101,2025-04-14 13:44:00,2025-04-14 13:59:00,15,No available seats
104,2025-04-14 10:16:00,2025-04-14 10:22:00,6,No available seats
107,2025-04-14 09:32:00,2025-04-14 09:47:00,15,No available seats
110,2025-04-14 12:48:00,2025-04-14 13:04:00,16,No available seats
111,2025-04-14 16:28:00,2025-04-14 16:48:00,20,No available seats
113,2025-04-14 19:45:00,2025-04-14 19:51:00,6,No available seats
114,2025-04-14 12:19:00,2025-04-14 12:31:00,12,No available seats
116,2025-04-14 17:24:00,2025-04-14 17:37:00,13,No available seats
123,2025-04-15 16:10:00,2025-04-15 16:17:00,7,No available seats
129,2025-04-15 16:42:00,2025-04-15 16:49:00,7,No available seats
130,2025-04-15 19:39:00,2025-04-15 19:59:00,20,No available seats
134,2025-04-15 17:30:00,2025-04-15 17:43:00,13,No available seats
138,2025-04-15 10:38:00,2025-04-15 10:50:00,12,No available seats
139,2025-04-15 20:38:00,2025-04-15 20:50:00,12,No available seats
146,2025-04-15 17:30:00,2025-04-15 17:35:00,5,No available seats
148,2025-04-15 17:31:00,2025-04-15 17:49:00,18,No available seats
150,2025-04-15 20:58:00,2025-04-15 21:15:00,17,No available seats
151,2025-04-15 19:24:00,2025-04-15 19:40:00,16,No available seats
155,2025-04-15 14:38:00,2025-04-15 14:46:00,8,No available seats
164,2025-04-15 15:19:00,2025-04-15 15:33:00,14,No available seats
166,2025-04-15 12:24:00,2025-04-15 12:33:00,9,No available seats
167,2025-04-15 20:22:00,2025-04-15 20:42:00,20,No available seats
169,2025-04-15 19:38:00,2025-04-15 19:48:00,10,No available seats
172,2025-04-15 16:57:00,2025-04-15 17:11:00,14,No available seats
173,2025-04-15 16:46:00,2025-04-15 16:58:00,12,No available seats
175,2025-04-15 13:40:00,2025-04-15 13:54:00,14,No available seats
178,2025-04-15 18:13:00,2025-04-15 18:25:00,12,No available seats
179,2025-04-15 13:20:00,2025-04-15 13:31:00,11,No available seats
181,2025-04-15 16:56:00,2025-04-15 17:03:00,7,No available seats
183,2025-04-15 13:50:00,2025-04-15 13:58:00,8,No available seats
187,2025-04-15 16:34:00,2025-04-15 16:44:00,10,No available seats
191,2025-04-15 12:09:00,2025-04-15 12:28:00,19,No available seats
193,2025-04-15 11:16:00,2025-04-15 11:33:00,17,No available seats
196,2025-04-15 17:54:00,2025-04-15 18:05:00,11,No available seats
200,2025-04-15 17:38:00,2025-04-15 17:53:00,15,No available seats
201,2025-04-15 18:41:00,2025-04-15 18:52:00,11,No available seats
203,2025-04-15 11:16:00,2025-04-15 11:36:00,20,No available seats
207,2025-04-15 14:59:00,2025-04-15 15:12:00,13,No available seats
208,2025-04-15 20:46:00,2025-04-15 20:52:00,6,No available seats
209,2025-04-15 17:16:00,2025-04-15 17:24:00,8,No available seats
211,2025-04-15 15:49:00,2025-04-15 15:59:00,10,No available seats
212,2025-04-15 14:51:00,2025-04-15 15:07:00,16,No available seats
214,2025-04-15 18:57:00,2025-04-15 19:14:00,17,No available seats
215,2025-04-15 11:23:00,2025-04-15 11:41:00,18,No available seats
216,2025-04-15 14:30:00,2025-04-15 14:43:00,13,No available seats
217,2025-04-15 10:00:00,2025-04-15 10:09:00,9,No available seats
218,2025-04-15 16:04:00,2025-04-15 16:13:00,9,No available seats
220,2025-04-15 12:33:00,2025-04-15 12:50:00,17,No available seats
223,2025-04-15 13:26:00,2025-04-15 13:37:00,11,No available seats
224,2025-04-15 12:43:00,2025-04-15 12:48:00,5,No available seats
228,2025-04-15 17:49:00,2025-04-15 18:04:00,15,No available seats
229,2025-04-15 12:55:00,2025-04-15 13:08:00,13,No available seats
230,2025-04-15 17:59:00,2025-04-15 18:19:00,20,No available seats
236,2025-04-15 13:13:00,2025-04-15 13:20:00,7,No available seats
237,2025-04-15 14:04:00,2025-04-15 14:10:00,6,No available seats
241,2025-04-16 18:50:00,2025-04-16 19:06:00,16,No available seats
246,2025-04-16 14:10:00,2025-04-16 14:17:00,7,No available seats
248,2025-04-16 13:01:00,2025-04-16 13:12:00,11,No available seats
251,2025-04-16 16:09:00,2025-04-16 16:16:00,7,No available seats
257,2025-04-16 18:16:00,2025-04-16 18:33:00,17,No available seats
271,2025-04-16 20:40:00,2025-04-16 20:54:00,14,No available seats
275,2025-04-16 11:55:00,2025-04-16 12:11:00,16,No available seats
276,2025-04-16 18:14:00,2025-04-16 18:27:00,13,No available seats
278,2025-04-16 09:17:00,2025-04-16 09:23:00,6,No available seats
279,2025-04-16 09:19:00,2025-04-16 09:28:00,9,No available seats
284,2025-04-16 14:27:00,2025-04-16 14:32:00,5,No available seats
289,2025-04-16 13:21:00,2025-04-16 13:27:00,6,No available seats
291,2025-04-16 14:41:00,2025-04-16 14:55:00,14,No available seats
295,2025-04-16 15:01:00,2025-04-16 15:17:00,16,No available seats
296,2025-04-16 09:46:00,2025-04-16 09:52:00,6,No available seats
297,2025-04-16 14:05:00,2025-04-16 14:10:00,5,No available seats
303,2025-04-16 15:23:00,2025-04-16 15:30:00,7,No available seats
307,2025-04-16 12:20:00,2025-04-16 12:29:00,9,No available seats
311,2025-04-16 17:08:00,2025-04-16 17:19:00,11,No available seats
312,2025-04-16 12:07:00,2025-04-16 12:21:00,14,No available seats
315,2025-04-16 13:08:00,2025-04-16 13:24:00,16,No available seats
318,2025-04-16 14:07:00,2025-04-16 14:20:00,13,No available seats
319,2025-04-16 16:10:00,2025-04-16 16:17:00,7,No available seats
321,2025-04-16 14:07:00,2025-04-16 14:23:00,16,No available seats
326,2025-04-16 14:35:00,2025-04-16 14:43:00,8,No available seats
327,2025-04-16 12:52:00,2025-04-16 13:06:00,14,No available seats
329,2025-04-16 13:41:00,2025-04-16 13:50:00,9,No available seats
330,2025-04-16 14:45:00,2025-04-16 14:52:00,7,No available seats
331,2025-04-16 20:21:00,2025-04-16 20:34:00,13,No available seats
332,2025-04-16 18:59:00,2025-04-16 19:12:00,13,No available seats
333,2025-04-16 15:39:00,2025-04-16 15:44:00,5,No available seats
340,2025-04-16 09:07:00,2025-04-16 09:24:00,17,No available seats
346,2025-04-17 13:44:00,2025-04-17 13:52:00,8,No available seats
356,2025-04-17 11:27:00,2025-04-17 11:42:00,15,No available seats
358,2025-04-17 14:48:00,2025-04-17 14:57:00,9,No available seats
359,2025-04-17 19:26:00,2025-04-17 19:42:00,16,No available seats
362,2025-04-17 13:30:00,2025-04-17 13:40:00,10,No available seats
363,2025-04-17 19:53:00,2025-04-17 20:13:00,20,No available seats
367,2025-04-17 13:18:00,2025-04-17 13:34:00,16,No available seats
370,2025-04-17 13:59:00,2025-04-17 14:18:00,19,No available seats
372,2025-04-17 17:21:00,2025-04-17 17:29:00,8,No available seats
374,2025-04-17 14:34:00,2025-04-17 14:45:00,11,No available seats
376,2025-04-17 18:40:00,2025-04-17 19:00:00,20,No available seats
378,2025-04-17 14:01:00,2025-04-17 14:19:00,18,No available seats
383,2025-04-17 19:02:00,2025-04-17 19:22:00,20,No available seats
385,2025-04-17 10:38:00,2025-04-17 10:55:00,17,No available seats
387,2025-04-17 12:04:00,2025-04-17 12:16:00,12,No available seats
388,2025-04-17 19:51:00,2025-04-17 20:11:00,20,No available seats
389,2025-04-17 13:29:00,2025-04-17 13:41:00,12,No available seats
390,2025-04-17 17:32:00,2025-04-17 17:47:00,15,No available seats
391,2025-04-17 19:08:00,2025-04-17 19:20:00,12,No available seats
395,2025-04-17 15:52:00,2025-04-17 15:57:00,5,No available seats
396,2025-04-17 09:53:00,2025-04-17 10:01:00,8,No available seats
405,2025-04-17 16:27:00,2025-04-17 16:39:00,12,No available seats
407,2025-04-17 18:22:00,2025-04-17 18:28:00,6,No available seats
417,2025-04-17 16:48:00,2025-04-17 17:00:00,12,No available seats
418,2025-04-17 18:01:00,2025-04-17 18:09:00,8,No available seats
421,2025-04-17 14:53:00,2025-04-17 15:13:00,20,No available seats
423,2025-04-17 11:17:00,2025-04-17 11:31:00,14,No available seats
424,2025-04-17 15:27:00,2025-04-17 15:46:00,19,No available seats
426,2025-04-17 10:37:00,2025-04-17 10:55:00,18,No available seats
429,2025-04-17 12:20:00,2025-04-17 12:35:00,15,No available seats
431,2025-04-17 14:25:00,2025-04-17 14:42:00,17,No available seats
432,2025-04-17 14:07:00,2025-04-17 14:16:00,9,No available seats
434,2025-04-17 13:46:00,2025-04-17 14:02:00,16,No available seats
436,2025-04-17 12:53:00,2025-04-17 13:09:00,16,No available seats
440,2025-04-17 13:11:00,2025-04-17 13:21:00,10,No available seats
441,2025-04-17 11:15:00,2025-04-17 11:26:00,11,No available seats
444,2025-04-17 19:32:00,2025-04-17 19:37:00,5,No available seats
447,2025-04-17 13:38:00,2025-04-17 13:54:00,16,No available seats
448,2025-04-17 14:43:00,2025-04-17 14:48:00,5,No available seats
449,2025-04-17 16:31:00,2025-04-17 16:48:00,17,No available seats
450,2025-04-18 10:13:00,2025-04-18 10:22:00,9,No available seats
453,2025-04-18 20:19:00,2025-04-18 20:34:00,15,No available seats
464,2025-04-18 12:22:00,2025-04-18 12:42:00,20,No available seats
467,2025-04-18 15:31:00,2025-04-18 15:45:00,14,No available seats
469,2025-04-18 18:23:00,2025-04-18 18:39:00,16,No available seats
471,2025-04-18 15:00:00,2025-04-18 15:14:00,14,No available seats
472,2025-04-18 17:09:00,2025-04-18 17:26:00,17,No available seats
475,2025-04-18 12:48:00,2025-04-18 12:56:00,8,No available seats
478,2025-04-18 12:58:00,2025-04-18 13:18:00,20,No available seats
488,2025-04-18 16:06:00,2025-04-18 16:16:00,10,No available seats
495,2025-04-18 17:02:00,2025-04-18 17:11:00,9,No available seats
499,2025-04-18 10:16:00,2025-04-18 10:24:00,8,No available seats
503,2025-04-18 14:51:00,2025-04-18 15:00:00,9,No available seats
504,2025-04-18 14:16:00,2025-04-18 14:21:00,5,No available seats
509,2025-04-18 13:24:00,2025-04-18 13:40:00,16,No available seats
515,2025-04-18 13:38:00,2025-04-18 13:53:00,15,No available seats
516,2025-04-18 13:18:00,2025-04-18 13:29:00,11,No available seats
518,2025-04-18 18:26:00,2025-04-18 18:32:00,6,No available seats
523,2025-04-18 12:50:00,2025-04-18 12:55:00,5,No available seats
525,2025-04-18 13:02:00,2025-04-18 13:20:00,18,No available seats
528,2025-04-18 13:29:00,2025-04-18 13:47:00,18,No available seats
529,2025-04-18 11:25:00,2025-04-18 11:34:00,9,No available seats
530,2025-04-18 14:17:00,2025-04-18 14:31:00,14,No available seats
532,2025-04-18 13:16:00,2025-04-18 13:25:00,9,No available seats
533,2025-04-18 13:24:00,2025-04-18 13:38:00,14,No available seats
535,2025-04-18 16:23:00,2025-04-18 16:29:00,6,No available seats
538,2025-04-18 09:38:00,2025-04-18 09:54:00,16,No available seats
543,2025-04-18 12:32:00,2025-04-18 12:38:00,6,No available seats
544,2025-04-18 12:08:00,2025-04-18 12:14:00,6,No available seats
546,2025-04-18 15:04:00,2025-04-18 15:09:00,5,No available seats
547,2025-04-18 18:46:00,2025-04-18 18:56:00,10,No available seats
549,2025-04-18 17:55:00,2025-04-18 18:01:00,6,No available seats
550,2025-04-18 12:04:00,2025-04-18 12:12:00,8,No available seats
552,2025-04-18 15:34:00,2025-04-18 15:53:00,19,No available seats
553,2025-04-18 17:23:00,2025-04-18 17:35:00,12,No available seats
574,2025-04-19 12:55:00,2025-04-19 13:08:00,13,No available seats
592,2025-04-19 13:44:00,2025-04-19 13:50:00,6,No available seats
593,2025-04-19 19:40:00,2025-04-19 19:49:00,9,No available seats
597,2025-04-19 14:30:00,2025-04-19 14:48:00,18,No available seats
598,2025-04-19 14:36:00,2025-04-19 14:51:00,15,No available seats
608,2025-04-19 12:28:00,2025-04-19 12:36:00,8,No available seats
609,2025-04-19 11:47:00,2025-04-19 11:56:00,9,No available seats
613,2025-04-19 15:15:00,2025-04-19 15:35:00,20,No available seats
618,2025-04-19 12:23:00,2025-04-19 12:35:00,12,No available seats
619,2025-04-19 16:43:00,2025-04-19 16:49:00,6,No available seats
620,2025-04-19 14:44:00,2025-04-19 14:57:00,13,No available seats
623,2025-04-19 11:09:00,2025-04-19 11:24:00,15,No available seats
627,2025-04-19 13:06:00,2025-04-19 13:14:00,8,No available seats
629,2025-04-19 16:25:00,2025-04-19 16:32:00,7,No available seats
632,2025-04-19 12:16:00,2025-04-19 12:34:00,18,No available seats
639,2025-04-19 09:20:00,2025-04-19 09:40:00,20,No available seats
642,2025-04-19 09:57:00,2025-04-19 10:15:00,18,No available seats
646,2025-04-19 09:46:00,2025-04-19 10:05:00,19,No available seats
648,2025-04-19 19:05:00,2025-04-19 19:11:00,6,No available seats
649,2025-04-19 18:30:00,2025-04-19 18:37:00,7,No available seats
651,2025-04-19 17:22:00,2025-04-19 17:32:00,10,No available seats
653,2025-04-19 11:00:00,2025-04-19 11:06:00,6,No available seats
655,2025-04-19 12:19:00,2025-04-19 12:28:00,9,No available seats
661,2025-04-19 09:22:00,2025-04-19 09:42:00,20,No available seats
666,2025-04-19 11:19:00,2025-04-19 11:25:00,6,No available seats
673,2025-04-19 17:56:00,2025-04-19 18:13:00,17,No available seats
674,2025-04-19 17:59:00,2025-04-19 18:05:00,6,No available seats
676,2025-04-19 13:35:00,2025-04-19 13:50:00,15,No available seats
680,2025-04-19 09:51:00,2025-04-19 10:07:00,16,No available seats
681,2025-04-19 13:43:00,2025-04-19 13:53:00,10,No available seats
682,2025-04-19 09:47:00,2025-04-19 09:58:00,11,No available seats
683,2025-04-19 17:43:00,2025-04-19 18:02:00,19,No available seats
685,2025-04-19 17:41:00,2025-04-19 17:58:00,17,No available seats
687,2025-04-19 17:54:00,2025-04-19 18:07:00,13,No available seats
688,2025-04-19 15:17:00,2025-04-19 15:29:00,12,No available seats
689,2025-04-19 13:34:00,2025-04-19 13:51:00,17,No available seats
690,2025-04-19 12:54:00,2025-04-19 13:09:00,15,No available seats
691,2025-04-19 14:59:00,2025-04-19 15:07:00,8,No available seats
692,2025-04-19 11:30:00,2025-04-19 11:37:00,7,No available seats
694,2025-04-19 09:27:00,2025-04-19 09:33:00,6,No available seats
700,2025-04-19 18:57:00,2025-04-19 19:11:00,14,No available seats
701,2025-04-19 16:26:00,2025-04-19 16:41:00,15,No available seats
704,2025-04-19 19:29:00,2025-04-19 19:49:00,20,No available seats
705,2025-04-19 15:47:00,2025-04-19 15:55:00,8,No available seats
711,2025-04-19 16:36:00,2025-04-19 16:50:00,14,No available seats
713,2025-04-19 19:02:00,2025-04-19 19:20:00,18,No available seats
715,2025-04-19 15:28:00,2025-04-19 15:35:00,7,No available seats
718,2025-04-19 13:33:00,2025-04-19 13:50:00,17,No available seats
727,2025-04-20 11:26:00,2025-04-20 11:33:00,7,No available seats
734,2025-04-20 09:11:00,2025-04-20 09:30:00,19,No available seats
744,2025-04-20 10:21:00,2025-04-20 10:34:00,13,No available seats
745,2025-04-20 14:04:00,2025-04-20 14:21:00,17,No available seats
763,2025-04-20 13:56:00,2025-04-20 14:03:00,7,No available seats
765,2025-04-20 17:38:00,2025-04-20 17:45:00,7,No available seats
772,2025-04-20 09:31:00,2025-04-20 09:51:00,20,No available seats
773,2025-04-20 14:51:00,2025-04-20 14:58:00,7,No available seats
777,2025-04-20 16:21:00,2025-04-20 16:38:00,17,No available seats
779,2025-04-20 13:50:00,2025-04-20 14:08:00,18,No available seats
782,2025-04-20 16:57:00,2025-04-20 17:10:00,13,No available seats
783,2025-04-20 17:41:00,2025-04-20 17:46:00,5,No available seats
784,2025-04-20 10:32:00,2025-04-20 10:44:00,12,No available seats
791,2025-04-20 17:07:00,2025-04-20 17:14:00,7,No available seats
798,2025-04-20 16:28:00,2025-04-20 16:48:00,20,No available seats
799,2025-04-20 15:40:00,2025-04-20 15:50:00,10,No available seats
801,2025-04-20 12:41:00,2025-04-20 12:56:00,15,No available seats
809,2025-04-20 13:55:00,2025-04-20 14:01:00,6,No available seats
810,2025-04-20 13:24:00,2025-04-20 13:38:00,14,No available seats
811,2025-04-20 11:43:00,2025-04-20 11:54:00,11,No available seats
813,2025-04-20 14:38:00,2025-04-20 14:57:00,19,No available seats
814,2025-04-20 10:51:00,2025-04-20 10:59:00,8,No available seats
815,2025-04-20 10:27:00,2025-04-20 10:45:00,18,No available seats
819,2025-04-20 10:07:00,2025-04-20 10:15:00,8,No available seats
821,2025-04-20 14:08:00,2025-04-20 14:15:00,7,No available seats
822,2025-04-20 17:47:00,2025-04-20 17:52:00,5,No available seats
825,2025-04-20 10:06:00,2025-04-20 10:16:00,10,No available seats
826,2025-04-20 11:26:00,2025-04-20 11:40:00,14,No available seats
827,2025-04-20 10:55:00,2025-04-20 11:15:00,20,No available seats
829,2025-04-20 17:59:00,2025-04-20 18:08:00,9,No available seats
831,2025-04-20 15:05:00,2025-04-20 15:15:00,10,No available seats
832,2025-04-20 11:55:00,2025-04-20 12:10:00,15,No available seats
839,2025-04-20 18:15:00,2025-04-20 18:25:00,10,No available seats
840,2025-04-20 13:27:00,2025-04-20 13:36:00,9,No available seats
841,2025-04-20 14:57:00,2025-04-20 15:13:00,16,No available seats
842,2025-04-20 18:45:00,2025-04-20 19:00:00,15,No available seats
845,2025-04-20 11:57:00,2025-04-20 12:16:00,19,No available seats
846,2025-04-20 11:12:00,2025-04-20 11:25:00,13,No available seats
847,2025-04-20 09:52:00,2025-04-20 10:07:00,15,No available seats
848,2025-04-20 16:16:00,2025-04-20 16:27:00,11,No available seats
852,2025-04-20 15:04:00,2025-04-20 15:20:00,16,No available seats
855,2025-04-20 15:31:00,2025-04-20 15:39:00,8,No available seats
859,2025-04-20 14:02:00,2025-04-20 14:21:00,19,No available seats
860,2025-04-20 10:53:00,2025-04-20 10:59:00,6,No available seats
861,2025-04-20 13:42:00,2025-04-20 14:00:00,18,No available seats
865,2025-04-20 13:49:00,2025-04-20 13:57:00,8,No available seats
867,2025-04-20 11:53:00,2025-04-20 12:06:00,13,No available seats
870,2025-04-20 11:13:00,2025-04-20 11:33:00,20,No available seats
871,2025-04-20 18:43:00,2025-04-20 18:49:00,6,No available seats
877,2025-04-20 19:48:00,2025-04-20 19:55:00,7,No available seats
879,2025-04-21 11:46:00,2025-04-21 12:06:00,20,No available seats
884,2025-04-21 15:35:00,2025-04-21 15:50:00,15,No available seats
888,2025-04-21 10:50:00,2025-04-21 10:55:00,5,No available seats
895,2025-04-21 14:22:00,2025-04-21 14:27:00,5,No available seats
897,2025-04-21 20:55:00,2025-04-21 21:15:00,20,No available seats
915,2025-04-21 10:31:00,2025-04-21 10:39:00,8,No available seats
920,2025-04-21 20:24:00,2025-04-21 20:34:00,10,No available seats
932,2025-04-21 17:47:00,2025-04-21 17:53:00,6,No available seats
933,2025-04-21 15:21:00,2025-04-21 15:31:00,10,No available seats
941,2025-04-21 14:58:00,2025-04-21 15:06:00,8,No available seats
942,2025-04-21 12:35:00,2025-04-21 12:49:00,14,No available seats
945,2025-04-21 14:42:00,2025-04-21 14:47:00,5,No available seats
947,2025-04-21 20:24:00,2025-04-21 20:43:00,19,No available seats
953,2025-04-21 12:35:00,2025-04-21 12:43:00,8,No available seats
954,2025-04-21 09:13:00,2025-04-21 09:24:00,11,No available seats
960,2025-04-21 12:43:00,2025-04-21 12:51:00,8,No available seats
962,2025-04-21 12:02:00,2025-04-21 12:15:00,13,No available seats
966,2025-04-21 15:04:00,2025-04-21 15:15:00,11,No available seats
967,2025-04-21 09:44:00,2025-04-21 09:52:00,8,No available seats
969,2025-04-21 09:54:00,2025-04-21 10:13:00,19,No available seats
972,2025-04-21 14:32:00,2025-04-21 14:45:00,13,No available seats
973,2025-04-21 11:02:00,2025-04-21 11:14:00,12,No available seats
974,2025-04-21 11:22:00,2025-04-21 11:40:00,18,No available seats
975,2025-04-21 14:42:00,2025-04-21 14:55:00,13,No available seats
978,2025-04-21 13:45:00,2025-04-21 13:57:00,12,No available seats
983,2025-04-21 13:02:00,2025-04-21 13:17:00,15,No available seats
986,2025-04-21 12:44:00,2025-04-21 13:03:00,19,No available seats
991,2025-04-22 13:21:00,2025-04-22 13:28:00,7,No available seats
995,2025-04-22 16:01:00,2025-04-22 16:14:00,13,No available seats
1006,2025-04-22 11:59:00,2025-04-22 12:15:00,16,No available seats
1007,2025-04-22 21:06:00,2025-04-22 21:12:00,6,No available seats
1011,2025-04-22 17:58:00,2025-04-22 18:14:00,16,No available seats
1017,2025-04-22 17:24:00,2025-04-22 17:31:00,7,No available seats
1022,2025-04-22 11:54:00,2025-04-22 12:02:00,8,No available seats
1028,2025-04-22 11:18:00,2025-04-22 11:23:00,5,No available seats
1032,2025-04-22 13:58:00,2025-04-22 14:09:00,11,No available seats
1033,2025-04-22 16:55:00,2025-04-22 17:13:00,18,No available seats
1036,2025-04-22 17:31:00,2025-04-22 17:48:00,17,No available seats
1037,2025-04-22 19:50:00,2025-04-22 20:06:00,16,No available seats
1038,2025-04-22 15:48:00,2025-04-22 16:06:00,18,No available seats
1040,2025-04-22 20:05:00,2025-04-22 20:14:00,9,No available seats
1045,2025-04-22 10:13:00,2025-04-22 10:24:00,11,No available seats
1046,2025-04-22 17:40:00,2025-04-22 17:45:00,5,No available seats
1048,2025-04-22 14:45:00,2025-04-22 14:58:00,13,No available seats
1052,2025-04-22 17:16:00,2025-04-22 17:32:00,16,No available seats
1054,2025-04-22 20:20:00,2025-04-22 20:32:00,12,No available seats
1055,2025-04-22 11:15:00,2025-04-22 11:23:00,8,No available seats
1057,2025-04-22 14:35:00,2025-04-22 14:47:00,12,No available seats
1058,2025-04-22 13:56:00,2025-04-22 14:08:00,12,No available seats
1066,2025-04-22 18:58:00,2025-04-22 19:18:00,20,No available seats
1069,2025-04-22 18:55:00,2025-04-22 19:07:00,12,No available seats
1070,2025-04-22 16:29:00,2025-04-22 16:35:00,6,No available seats
1072,2025-04-22 11:22:00,2025-04-22 11:31:00,9,No available seats
1073,2025-04-22 13:00:00,2025-04-22 13:18:00,18,No available seats
1075,2025-04-22 13:47:00,2025-04-22 14:03:00,16,No available seats
1077,2025-04-22 17:17:00,2025-04-22 17:28:00,11,No available seats
1079,2025-04-22 14:06:00,2025-04-22 14:11:00,5,No available seats
1080,2025-04-22 11:10:00,2025-04-22 11:29:00,19,No available seats
1082,2025-04-22 14:06:00,2025-04-22 14:26:00,20,No available seats
1083,2025-04-22 17:18:00,2025-04-22 17:33:00,15,No available seats
1090,2025-04-22 14:39:00,2025-04-22 14:46:00,7,No available seats
1091,2025-04-22 12:12:00,2025-04-22 12:25:00,13,No available seats
1092,2025-04-22 12:04:00,2025-04-22 12:11:00,7,No available seats
1096,2025-04-22 17:54:00,2025-04-22 17:59:00,5,No available seats
1099,2025-04-22 10:00:00,2025-04-22 10:18:00,18,No available seats
1105,2025-04-22 15:44:00,2025-04-22 15:54:00,10,No available seats
1106,2025-04-22 15:01:00,2025-04-22 15:11:00,10,No available seats
1107,2025-04-22 09:20:00,2025-04-22 09:29:00,9,No available seats
1109,2025-04-22 17:12:00,2025-04-22 17:20:00,8,No available seats
1113,2025-04-22 12:36:00,2025-04-22 12:51:00,15,No available seats
1116,2025-04-23 19:14:00,2025-04-23 19:32:00,18,No available seats
1121,2025-04-23 10:18:00,2025-04-23 10:28:00,10,No available seats
1127,2025-04-23 14:59:00,2025-04-23 15:11:00,12,No available seats
1129,2025-04-23 09:54:00,2025-04-23 09:59:00,5,No available seats
1134,2025-04-23 11:50:00,2025-04-23 12:03:00,13,No available seats
1135,2025-04-23 20:06:00,2025-04-23 20:15:00,9,No available seats
1139,2025-04-23 12:40:00,2025-04-23 12:55:00,15,No available seats
1143,2025-04-23 13:39:00,2025-04-23 13:49:00,10,No available seats
1144,2025-04-23 19:05:00,2025-04-23 19:21:00,16,No available seats
1154,2025-04-23 12:48:00,2025-04-23 13:04:00,16,No available seats
1161,2025-04-23 16:16:00,2025-04-23 16:33:00,17,No available seats
1162,2025-04-23 10:29:00,2025-04-23 10:34:00,5,No available seats
1163,2025-04-23 17:55:00,2025-04-23 18:04:00,9,No available seats
1171,2025-04-23 16:04:00,2025-04-23 16:14:00,10,No available seats
1178,2025-04-23 18:46:00,2025-04-23 18:53:00,7,No available seats
1179,2025-04-23 18:21:00,2025-04-23 18:33:00,12,No available seats
1185,2025-04-23 13:20:00,2025-04-23 13:38:00,18,No available seats
1190,2025-04-23 18:07:00,2025-04-23 18:19:00,12,No available seats
1191,2025-04-23 12:14:00,2025-04-23 12:20:00,6,No available seats
1192,2025-04-23 19:15:00,2025-04-23 19:34:00,19,No available seats
1197,2025-04-23 09:47:00,2025-04-23 10:06:00,19,No available seats
1202,2025-04-23 17:36:00,2025-04-23 17:55:00,19,No available seats
1204,2025-04-23 10:09:00,2025-04-23 10:22:00,13,No available seats
1205,2025-04-23 09:49:00,2025-04-23 09:56:00,7,No available seats
1208,2025-04-23 13:46:00,2025-04-23 13:51:00,5,No available seats
1210,2025-04-23 12:17:00,2025-04-23 12:23:00,6,No available seats
1213,2025-04-23 12:57:00,2025-04-23 13:10:00,13,No available seats
1217,2025-04-23 10:27:00,2025-04-23 10:46:00,19,No available seats
1218,2025-04-23 11:29:00,2025-04-23 11:35:00,6,No available seats
1219,2025-04-23 17:07:00,2025-04-23 17:18:00,11,No available seats
1221,2025-04-23 09:32:00,2025-04-23 09:43:00,11,No available seats
1226,2025-04-23 15:55:00,2025-04-23 16:08:00,13,No available seats
1227,2025-04-23 16:28:00,2025-04-23 16:42:00,14,No available seats
1229,2025-04-23 15:31:00,2025-04-23 15:39:00,8,No available seats
1232,2025-04-23 12:42:00,2025-04-23 12:47:00,5,No available seats
1235,2025-04-24 12:10:00,2025-04-24 12:20:00,10,No available seats
1236,2025-04-24 17:03:00,2025-04-24 17:18:00,15,No available seats
1257,2025-04-24 17:38:00,2025-04-24 17:47:00,9,No available seats
1259,2025-04-24 16:04:00,2025-04-24 16:10:00,6,No available seats
1264,2025-04-24 17:45:00,2025-04-24 18:01:00,16,No available seats
1265,2025-04-24 17:57:00,2025-04-24 18:10:00,13,No available seats
1266,2025-04-24 11:23:00,2025-04-24 11:28:00,5,No available seats
1269,2025-04-24 17:36:00,2025-04-24 17:56:00,20,No available seats
1271,2025-04-24 17:35:00,2025-04-24 17:45:00,10,No available seats
1275,2025-04-24 09:55:00,2025-04-24 10:13:00,18,No available seats
1279,2025-04-24 17:43:00,2025-04-24 17:50:00,7,No available seats
1281,2025-04-24 16:20:00,2025-04-24 16:34:00,14,No available seats
1283,2025-04-24 11:51:00,2025-04-24 12:00:00,9,No available seats
1285,2025-04-24 12:33:00,2025-04-24 12:52:00,19,No available seats
1289,2025-04-24 14:28:00,2025-04-24 14:39:00,11,No available seats
1292,2025-04-24 16:40:00,2025-04-24 16:50:00,10,No available seats
1293,2025-04-24 10:41:00,2025-04-24 10:59:00,18,No available seats
1295,2025-04-24 20:54:00,2025-04-24 21:01:00,7,No available seats
1296,2025-04-24 10:48:00,2025-04-24 11:08:00,20,No available seats
1298,2025-04-24 15:58:00,2025-04-24 16:16:00,18,No available seats
1300,2025-04-24 09:40:00,2025-04-24 10:00:00,20,No available seats
1301,2025-04-24 11:21:00,2025-04-24 11:26:00,5,No available seats
1304,2025-04-24 10:48:00,2025-04-24 11:06:00,18,No available seats
1305,2025-04-24 15:27:00,2025-04-24 15:42:00,15,No available seats
1306,2025-04-24 16:41:00,2025-04-24 16:54:00,13,No available seats
1307,2025-04-24 17:25:00,2025-04-24 17:39:00,14,No available seats
1310,2025-04-24 13:05:00,2025-04-24 13:19:00,14,No available seats
1312,2025-04-24 16:59:00,2025-04-24 17:09:00,10,No available seats
1315,2025-04-24 10:42:00,2025-04-24 10:47:00,5,No available seats
1317,2025-04-24 14:58:00,2025-04-24 15:14:00,16,No available seats
1318,2025-04-24 16:39:00,2025-04-24 16:47:00,8,No available seats
1319,2025-04-24 18:04:00,2025-04-24 18:23:00,19,No available seats
1320,2025-04-24 14:33:00,2025-04-24 14:42:00,9,No available seats
1322,2025-04-24 18:21:00,2025-04-24 18:27:00,6,No available seats
1324,2025-04-24 19:01:00,2025-04-24 19:07:00,6,No available seats
1325,2025-04-24 18:33:00,2025-04-24 18:52:00,19,No available seats
1327,2025-04-24 16:55:00,2025-04-24 17:06:00,11,No available seats
1331,2025-04-24 14:35:00,2025-04-24 14:40:00,5,No available seats
1333,2025-04-24 10:10:00,2025-04-24 10:21:00,11,No available seats
1335,2025-04-24 19:35:00,2025-04-24 19:50:00,15,No available seats
1336,2025-04-24 14:35:00,2025-04-24 14:50:00,15,No available seats
1338,2025-04-24 09:20:00,2025-04-24 09:32:00,12,No available seats
1339,2025-04-24 10:58:00,2025-04-24 11:17:00,19,No available seats
1340,2025-04-24 13:35:00,2025-04-24 13:46:00,11,No available seats
1341,2025-04-24 16:21:00,2025-04-24 16:34:00,13,No available seats
1342,2025-04-24 19:24:00,2025-04-24 19:41:00,17,No available seats
1345,2025-04-24 11:08:00,2025-04-24 11:28:00,20,No available seats
1348,2025-04-24 12:20:00,2025-04-24 12:33:00,13,No available seats
1350,2025-04-24 17:58:00,2025-04-24 18:08:00,10,No available seats
1351,2025-04-24 18:58:00,2025-04-24 19:03:00,5,No available seats
1352,2025-04-24 20:01:00,2025-04-24 20:07:00,6,No available seats
1354,2025-04-25 17:17:00,2025-04-25 17:36:00,19,No available seats
1364,2025-04-25 15:00:00,2025-04-25 15:11:00,11,No available seats
1365,2025-04-25 10:34:00,2025-04-25 10:46:00,12,No available seats
1378,2025-04-25 09:56:00,2025-04-25 10:01:00,5,No available seats
1381,2025-04-25 18:44:00,2025-04-25 19:02:00,18,No available seats
1386,2025-04-25 15:57:00,2025-04-25 16:15:00,18,No available seats
1392,2025-04-25 16:43:00,2025-04-25 16:55:00,12,No available seats
1393,2025-04-25 20:12:00,2025-04-25 20:28:00,16,No available seats
1401,2025-04-25 13:31:00,2025-04-25 13:36:00,5,No available seats
1402,2025-04-25 10:44:00,2025-04-25 10:53:00,9,No available seats
1403,2025-04-25 10:25:00,2025-04-25 10:38:00,13,No available seats
1405,2025-04-25 19:13:00,2025-04-25 19:26:00,13,No available seats
1407,2025-04-25 09:57:00,2025-04-25 10:04:00,7,No available seats
1413,2025-04-25 09:32:00,2025-04-25 09:44:00,12,No available seats
1415,2025-04-25 11:30:00,2025-04-25 11:45:00,15,No available seats
1416,2025-04-25 18:21:00,2025-04-25 18:26:00,5,No available seats
1421,2025-04-25 10:22:00,2025-04-25 10:35:00,13,No available seats
1429,2025-04-25 16:19:00,2025-04-25 16:39:00,20,No available seats
1430,2025-04-25 18:39:00,2025-04-25 18:46:00,7,No available seats
1432,2025-04-25 11:11:00,2025-04-25 11:29:00,18,No available seats
1437,2025-04-25 09:55:00,2025-04-25 10:01:00,6,No available seats
1438,2025-04-25 15:24:00,2025-04-25 15:43:00,19,No available seats
1439,2025-04-25 17:38:00,2025-04-25 17:52:00,14,No available seats
1440,2025-04-25 19:21:00,2025-04-25 19:30:00,9,No available seats
1441,2025-04-25 14:17:00,2025-04-25 14:22:00,5,No available seats
1442,2025-04-25 17:59:00,2025-04-25 18:13:00,14,No available seats
1443,2025-04-25 12:26:00,2025-04-25 12:34:00,8,No available seats
1444,2025-04-25 09:23:00,2025-04-25 09:41:00,18,No available seats
1445,2025-04-25 17:58:00,2025-04-25 18:05:00,7,No available seats
1449,2025-04-25 13:27:00,2025-04-25 13:43:00,16,No available seats
1450,2025-04-25 09:05:00,2025-04-25 09:21:00,16,No available seats
1453,2025-04-25 14:43:00,2025-04-25 14:54:00,11,No available seats
1454,2025-04-25 14:53:00,2025-04-25 15:05:00,12,No available seats
1455,2025-04-25 17:09:00,2025-04-25 17:21:00,12,No available seats
1456,2025-04-25 12:39:00,2025-04-25 12:45:00,6,No available seats
1459,2025-04-25 15:57:00,2025-04-25 16:13:00,16,No available seats
1461,2025-04-25 11:11:00,2025-04-25 11:26:00,15,No available seats
1463,2025-04-25 13:16:00,2025-04-25 13:25:00,9,No available seats
1473,2025-04-26 19:06:00,2025-04-26 19:23:00,17,No available seats
1476,2025-04-26 13:17:00,2025-04-26 13:32:00,15,No available seats
1482,2025-04-26 14:45:00,2025-04-26 14:57:00,12,No available seats
1487,2025-04-26 11:09:00,2025-04-26 11:27:00,18,No available seats
1490,2025-04-26 11:07:00,2025-04-26 11:21:00,14,No available seats
1498,2025-04-26 13:48:00,2025-04-26 13:59:00,11,No available seats
1504,2025-04-26 13:25:00,2025-04-26 13:38:00,13,No available seats
1506,2025-04-26 16:02:00,2025-04-26 16:13:00,11,No available seats
1507,2025-04-26 11:48:00,2025-04-26 11:53:00,5,No available seats
1514,2025-04-26 12:25:00,2025-04-26 12:31:00,6,No available seats
1517,2025-04-26 11:26:00,2025-04-26 11:38:00,12,No available seats
1524,2025-04-26 13:17:00,2025-04-26 13:34:00,17,No available seats
1528,2025-04-26 14:45:00,2025-04-26 14:54:00,9,No available seats
1532,2025-04-26 12:24:00,2025-04-26 12:34:00,10,No available seats
1536,2025-04-26 09:23:00,2025-04-26 09:29:00,6,No available seats
1537,2025-04-26 17:00:00,2025-04-26 17:20:00,20,No available seats
1538,2025-04-26 10:12:00,2025-04-26 10:24:00,12,No available seats
1540,2025-04-26 10:33:00,2025-04-26 10:42:00,9,No available seats
1541,2025-04-26 14:58:00,2025-04-26 15:11:00,13,No available seats
1543,2025-04-26 10:57:00,2025-04-26 11:12:00,15,No available seats
1544,2025-04-26 13:16:00,2025-04-26 13:35:00,19,No available seats
1547,2025-04-26 09:38:00,2025-04-26 09:45:00,7,No available seats
1549,2025-04-26 12:31:00,2025-04-26 12:38:00,7,No available seats
1554,2025-04-26 14:23:00,2025-04-26 14:30:00,7,No available seats
1557,2025-04-26 16:46:00,2025-04-26 17:05:00,19,No available seats
1558,2025-04-26 15:16:00,2025-04-26 15:25:00,9,No available seats
1560,2025-04-26 19:00:00,2025-04-26 19:14:00,14,No available seats
1561,2025-04-26 10:05:00,2025-04-26 10:10:00,5,No available seats
1563,2025-04-26 13:06:00,2025-04-26 13:15:00,9,No available seats
1568,2025-04-26 16:00:00,2025-04-26 16:05:00,5,No available seats
1569,2025-04-26 14:13:00,2025-04-26 14:18:00,5,No available seats
1571,2025-04-26 16:24:00,2025-04-26 16:34:00,10,No available seats
1573,2025-04-26 12:06:00,2025-04-26 12:22:00,16,No available seats
1574,2025-04-26 11:30:00,2025-04-26 11:42:00,12,No available seats
1576,2025-04-26 14:26:00,2025-04-26 14:33:00,7,No available seats
1582,2025-04-26 13:27:00,2025-04-26 13:35:00,8,No available seats
1583,2025-04-26 18:30:00,2025-04-26 18:39:00,9,No available seats
1590,2025-04-26 11:34:00,2025-04-26 11:44:00,10,No available seats
1591,2025-04-26 13:53:00,2025-04-26 14:03:00,10,No available seats
1593,2025-04-26 14:49:00,2025-04-26 15:06:00,17,No available seats
1595,2025-04-26 12:28:00,2025-04-26 12:39:00,11,No available seats
1596,2025-04-26 10:28:00,2025-04-26 10:47:00,19,No available seats
1597,2025-04-26 11:39:00,2025-04-26 11:57:00,18,No available seats
1598,2025-04-26 17:59:00,2025-04-26 18:05:00,6,No available seats
1599,2025-04-26 12:06:00,2025-04-26 12:22:00,16,No available seats
1602,2025-04-26 12:13:00,2025-04-26 12:26:00,13,No available seats
1603,2025-04-26 13:40:00,2025-04-26 13:49:00,9,No available seats
1604,2025-04-26 13:05:00,2025-04-26 13:12:00,7,No available seats
1605,2025-04-26 18:44:00,2025-04-26 18:54:00,10,No available seats
1608,2025-04-26 12:03:00,2025-04-26 12:16:00,13,No available seats
1609,2025-04-26 19:02:00,2025-04-26 19:19:00,17,No available seats
1610,2025-04-26 13:17:00,2025-04-26 13:35:00,18,No available seats
1611,2025-04-26 11:15:00,2025-04-26 11:21:00,6,No available seats
1613,2025-04-26 19:26:00,2025-04-26 19:45:00,19,No available seats
1615,2025-04-26 13:47:00,2025-04-26 14:03:00,16,No available seats
1619,2025-04-26 11:17:00,2025-04-26 11:27:00,10,No available seats
1620,2025-04-26 12:42:00,2025-04-26 12:58:00,16,No available seats
1623,2025-04-26 12:11:00,2025-04-26 12:31:00,20,No available seats
1628,2025-04-26 17:52:00,2025-04-26 18:10:00,18,No available seats
1629,2025-04-27 10:24:00,2025-04-27 10:41:00,17,No available seats
1646,2025-04-27 17:02:00,2025-04-27 17:22:00,20,No available seats
1652,2025-04-27 14:04:00,2025-04-27 14:15:00,11,No available seats
1653,2025-04-27 16:35:00,2025-04-27 16:44:00,9,No available seats
1656,2025-04-27 12:22:00,2025-04-27 12:33:00,11,No available seats
1665,2025-04-27 09:19:00,2025-04-27 09:33:00,14,No available seats
1667,2025-04-27 20:27:00,2025-04-27 20:42:00,15,No available seats
1683,2025-04-27 13:14:00,2025-04-27 13:28:00,14,No available seats
1687,2025-04-27 09:50:00,2025-04-27 09:58:00,8,No available seats
1689,2025-04-27 15:58:00,2025-04-27 16:05:00,7,No available seats
1690,2025-04-27 18:56:00,2025-04-27 19:05:00,9,No available seats
1691,2025-04-27 13:17:00,2025-04-27 13:23:00,6,No available seats
1692,2025-04-27 12:43:00,2025-04-27 13:01:00,18,No available seats
1693,2025-04-27 10:03:00,2025-04-27 10:15:00,12,No available seats
1695,2025-04-27 19:16:00,2025-04-27 19:33:00,17,No available seats
1697,2025-04-27 12:00:00,2025-04-27 12:16:00,16,No available seats
1698,2025-04-27 18:12:00,2025-04-27 18:19:00,7,No available seats
1699,2025-04-27 12:18:00,2025-04-27 12:34:00,16,No available seats
1700,2025-04-27 17:44:00,2025-04-27 17:54:00,10,No available seats
1702,2025-04-27 19:38:00,2025-04-27 19:52:00,14,No available seats
1707,2025-04-27 13:34:00,2025-04-27 13:45:00,11,No available seats
1712,2025-04-27 18:14:00,2025-04-27 18:32:00,18,No available seats
1715,2025-04-27 13:00:00,2025-04-27 13:09:00,9,No available seats
1719,2025-04-27 17:24:00,2025-04-27 17:35:00,11,No available seats
1720,2025-04-27 13:25:00,2025-04-27 13:45:00,20,No available seats
1722,2025-04-27 11:27:00,2025-04-27 11:32:00,5,No available seats
1728,2025-04-27 13:31:00,2025-04-27 13:51:00,20,No available seats
1730,2025-04-27 17:34:00,2025-04-27 17:53:00,19,No available seats
1732,2025-04-27 11:40:00,2025-04-27 11:58:00,18,No available seats
1735,2025-04-27 19:50:00,2025-04-27 19:59:00,9,No available seats
1737,2025-04-27 10:19:00,2025-04-27 10:32:00,13,No available seats
1738,2025-04-27 09:34:00,2025-04-27 09:53:00,19,No available seats
1742,2025-04-27 14:21:00,2025-04-27 14:33:00,12,No available seats
1743,2025-04-27 14:39:00,2025-04-27 14:45:00,6,No available seats
1747,2025-04-27 19:33:00,2025-04-27 19:42:00,9,No available seats
1748,2025-04-27 10:47:00,2025-04-27 11:05:00,18,No available seats
1749,2025-04-27 16:40:00,2025-04-27 16:45:00,5,No available seats
1754,2025-04-27 09:59:00,2025-04-27 10:19:00,20,No available seats
1757,2025-04-27 14:03:00,2025-04-27 14:14:00,11,No available seats
1758,2025-04-27 13:13:00,2025-04-27 13:31:00,18,No available seats
1759,2025-04-27 18:37:00,2025-04-27 18:56:00,19,No available seats
1760,2025-04-27 09:43:00,2025-04-27 09:57:00,14,No available seats
1763,2025-04-27 20:29:00,2025-04-27 20:34:00,5,No available seats
1764,2025-04-27 20:20:00,2025-04-27 20:31:00,11,No available seats
1765,2025-04-27 16:43:00,2025-04-27 16:50:00,7,No available seats
1766,2025-04-27 12:53:00,2025-04-27 13:06:00,13,No available seats
1768,2025-04-27 11:42:00,2025-04-27 12:00:00,18,No available seats
1771,2025-04-27 18:02:00,2025-04-27 18:14:00,12,No available seats
1775,2025-04-27 14:04:00,2025-04-27 14:14:00,10,No available seats
1776,2025-04-27 17:15:00,2025-04-27 17:31:00,16,No available seats
1778,2025-04-27 19:51:00,2025-04-27 20:00:00,9,No available seats
1779,2025-04-27 14:20:00,2025-04-27 14:34:00,14,No available seats
1782,2025-04-27 18:19:00,2025-04-27 18:24:00,5,No available seats
1785,2025-04-27 18:48:00,2025-04-27 19:06:00,18,No available seats
1788,2025-04-27 12:23:00,2025-04-27 12:34:00,11,No available seats
1791,2025-04-27 19:42:00,2025-04-27 19:49:00,7,No available seats
1795,2025-04-27 12:44:00,2025-04-27 12:57:00,13,No available seats
1797,2025-04-27 10:19:00,2025-04-27 10:30:00,11,No available seats
1798,2025-04-27 14:40:00,2025-04-27 14:49:00,9,No available seats
1799,2025-04-27 14:32:00,2025-04-27 14:40:00,8,No available seats
1800,2025-04-27 12:55:00,2025-04-27 13:10:00,15,No available seats
1801,2025-04-27 18:26:00,2025-04-27 18:32:00,6,No available seats
1805,2025-04-28 15:16:00,2025-04-28 15:27:00,11,No available seats
1811,2025-04-28 09:25:00,2025-04-28 09:34:00,9,No available seats
1816,2025-04-28 10:23:00,2025-04-28 10:37:00,14,No available seats
1818,2025-04-28 17:27:00,2025-04-28 17:33:00,6,No available seats
1820,2025-04-28 18:16:00,2025-04-28 18:30:00,14,No available seats
1829,2025-04-28 09:53:00,2025-04-28 10:12:00,19,No available seats
1831,2025-04-28 10:34:00,2025-04-28 10:43:00,9,No available seats
1832,2025-04-28 12:11:00,2025-04-28 12:21:00,10,No available seats
1835,2025-04-28 17:25:00,2025-04-28 17:37:00,12,No available seats
1842,2025-04-28 16:24:00,2025-04-28 16:39:00,15,No available seats
1843,2025-04-28 11:41:00,2025-04-28 11:47:00,6,No available seats
1844,2025-04-28 12:33:00,2025-04-28 12:47:00,14,No available seats
1851,2025-04-28 17:49:00,2025-04-28 17:56:00,7,No available seats
1852,2025-04-28 11:58:00,2025-04-28 12:09:00,11,No available seats
1855,2025-04-28 16:13:00,2025-04-28 16:22:00,9,No available seats
1866,2025-04-28 11:37:00,2025-04-28 11:47:00,10,No available seats
1871,2025-04-28 18:14:00,2025-04-28 18:23:00,9,No available seats
1873,2025-04-28 11:58:00,2025-04-28 12:13:00,15,No available seats
1876,2025-04-28 15:29:00,2025-04-28 15:44:00,15,No available seats
1877,2025-04-28 13:14:00,2025-04-28 13:28:00,14,No available seats
1879,2025-04-28 15:20:00,2025-04-28 15:33:00,13,No available seats
1882,2025-04-28 17:13:00,2025-04-28 17:19:00,6,No available seats
1883,2025-04-28 14:18:00,2025-04-28 14:37:00,19,No available seats
1890,2025-04-28 17:33:00,2025-04-28 17:38:00,5,No available seats
1892,2025-04-28 17:53:00,2025-04-28 18:13:00,20,No available seats
1893,2025-04-28 16:10:00,2025-04-28 16:19:00,9,No available seats
1896,2025-04-28 16:50:00,2025-04-28 17:07:00,17,No available seats
1899,2025-04-28 17:13:00,2025-04-28 17:29:00,16,No available seats
1901,2025-04-28 10:48:00,2025-04-28 11:02:00,14,No available seats
1902,2025-04-28 09:11:00,2025-04-28 09:16:00,5,No available seats
1903,2025-04-28 17:46:00,2025-04-28 17:53:00,7,No available seats
1904,2025-04-28 11:06:00,2025-04-28 11:16:00,10,No available seats
1905,2025-04-28 14:46:00,2025-04-28 14:55:00,9,No available seats
1906,2025-04-28 16:55:00,2025-04-28 17:08:00,13,No available seats
1907,2025-04-28 12:34:00,2025-04-28 12:50:00,16,No available seats
1909,2025-04-28 14:39:00,2025-04-28 14:59:00,20,No available seats
1911,2025-04-28 09:03:00,2025-04-28 09:15:00,12,No available seats
1912,2025-04-28 09:18:00,2025-04-28 09:30:00,12,No available seats
1913,2025-04-28 16:33:00,2025-04-28 16:48:00,15,No available seats
1915,2025-04-28 12:18:00,2025-04-28 12:38:00,20,No available seats
1923,2025-04-29 12:36:00,2025-04-29 12:46:00,10,No available seats
1929,2025-04-29 14:27:00,2025-04-29 14:41:00,14,No available seats
1935,2025-04-29 16:42:00,2025-04-29 16:53:00,11,No available seats
1940,2025-04-29 10:56:00,2025-04-29 11:16:00,20,No available seats
1946,2025-04-29 14:58:00,2025-04-29 15:08:00,10,No available seats
1949,2025-04-29 17:24:00,2025-04-29 17:44:00,20,No available seats
1954,2025-04-29 10:04:00,2025-04-29 10:18:00,14,No available seats
1955,2025-04-29 13:33:00,2025-04-29 13:42:00,9,No available seats
1957,2025-04-29 14:07:00,2025-04-29 14:27:00,20,No available seats
1959,2025-04-29 09:52:00,2025-04-29 10:00:00,8,No available seats
1960,2025-04-29 13:57:00,2025-04-29 14:11:00,14,No available seats
1966,2025-04-29 15:56:00,2025-04-29 16:11:00,15,No available seats
1970,2025-04-29 13:08:00,2025-04-29 13:16:00,8,No available seats
1972,2025-04-29 10:52:00,2025-04-29 11:06:00,14,No available seats
1975,2025-04-29 14:10:00,2025-04-29 14:25:00,15,No available seats
1980,2025-04-29 12:22:00,2025-04-29 12:37:00,15,No available seats
1985,2025-04-29 12:28:00,2025-04-29 12:37:00,9,No available seats
1993,2025-04-29 18:19:00,2025-04-29 18:26:00,7,No available seats
1994,2025-04-29 16:44:00,2025-04-29 16:49:00,5,No available seats
1995,2025-04-29 15:35:00,2025-04-29 15:40:00,5,No available seats
1997,2025-04-29 10:27:00,2025-04-29 10:36:00,9,No available seats
1998,2025-04-29 12:03:00,2025-04-29 12:08:00,5,No available seats
2000,2025-04-29 19:13:00,2025-04-29 19:18:00,5,No available seats
2004,2025-04-29 13:50:00,2025-04-29 14:00:00,10,No available seats
2005,2025-04-29 14:55:00,2025-04-29 15:04:00,9,No available seats
2006,2025-04-29 11:52:00,2025-04-29 12:03:00,11,No available seats
2009,2025-04-29 09:49:00,2025-04-29 09:57:00,8,No available seats
2011,2025-04-29 14:22:00,2025-04-29 14:40:00,18,No available seats
2015,2025-04-29 10:33:00,2025-04-29 10:47:00,14,No available seats
2016,2025-04-29 19:33:00,2025-04-29 19:45:00,12,No available seats
2017,2025-04-29 18:35:00,2025-04-29 18:46:00,11,No available seats
2020,2025-04-29 15:12:00,2025-04-29 15:28:00,16,No available seats
2022,2025-04-29 20:44:00,2025-04-29 20:50:00,6,No available seats
2027,2025-04-29 09:46:00,2025-04-29 10:00:00,14,No available seats
2028,2025-04-29 16:06:00,2025-04-29 16:23:00,17,No available seats
2032,2025-04-30 11:51:00,2025-04-30 12:09:00,18,No available seats
2036,2025-04-30 15:57:00,2025-04-30 16:03:00,6,No available seats
2038,2025-04-30 18:41:00,2025-04-30 18:47:00,6,No available seats
2041,2025-04-30 16:02:00,2025-04-30 16:10:00,8,No available seats
2043,2025-04-30 12:44:00,2025-04-30 12:59:00,15,No available seats
2047,2025-04-30 16:56:00,2025-04-30 17:08:00,12,No available seats
2050,2025-04-30 12:18:00,2025-04-30 12:25:00,7,No available seats
2051,2025-04-30 14:49:00,2025-04-30 15:04:00,15,No available seats
2056,2025-04-30 19:35:00,2025-04-30 19:42:00,7,No available seats
2069,2025-04-30 17:34:00,2025-04-30 17:44:00,10,No available seats
2072,2025-04-30 09:43:00,2025-04-30 09:52:00,9,No available seats
2074,2025-04-30 12:49:00,2025-04-30 13:03:00,14,No available seats
2075,2025-04-30 15:24:00,2025-04-30 15:43:00,19,No available seats
2080,2025-04-30 11:20:00,2025-04-30 11:40:00,20,No available seats
2081,2025-04-30 13:36:00,2025-04-30 13:43:00,7,No available seats
2084,2025-04-30 10:34:00,2025-04-30 10:50:00,16,No available seats
2086,2025-04-30 10:40:00,2025-04-30 10:57:00,17,No available seats
2093,2025-04-30 15:01:00,2025-04-30 15:10:00,9,No available seats
2097,2025-04-30 18:28:00,2025-04-30 18:42:00,14,No available seats
2099,2025-04-30 11:11:00,2025-04-30 11:18:00,7,No available seats
2103,2025-04-30 15:26:00,2025-04-30 15:32:00,6,No available seats
2107,2025-04-30 13:19:00,2025-04-30 13:25:00,6,No available seats
2109,2025-04-30 09:10:00,2025-04-30 09:25:00,15,No available seats
2110,2025-04-30 17:50:00,2025-04-30 17:56:00,6,No available seats
2112,2025-04-30 12:18:00,2025-04-30 12:35:00,17,No available seats
2113,2025-04-30 16:51:00,2025-04-30 16:58:00,7,No available seats
2114,2025-04-30 15:47:00,2025-04-30 15:59:00,12,No available seats
2115,2025-04-30 12:06:00,2025-04-30 12:21:00,15,No available seats
2117,2025-04-30 16:33:00,2025-04-30 16:43:00,10,No available seats
2119,2025-04-30 20:41:00,2025-04-30 20:47:00,6,No available seats
2122,2025-04-30 10:31:00,2025-04-30 10:45:00,14,No available seats
2125,2025-04-30 13:33:00,2025-04-30 13:50:00,17,No available seats
2126,2025-04-30 15:27:00,2025-04-30 15:37:00,10,No available seats
2129,2025-04-30 18:22:00,2025-04-30 18:36:00,14,No available seats
2132,2025-04-30 10:12:00,2025-04-30 10:18:00,6,No available seats
2134,2025-04-30 19:02:00,2025-04-30 19:20:00,18,No available seats
2135,2025-04-30 18:56:00,2025-04-30 19:14:00,18,No available seats
2137,2025-04-30 14:08:00,2025-04-30 14:27:00,19,No available seats
2138,2025-04-30 19:42:00,2025-04-30 20:02:00,20,No available seats
2139,2025-04-30 18:04:00,2025-04-30 18:15:00,11,No available seats
2143,2025-05-01 10:44:00,2025-05-01 10:58:00,14,No available seats
2147,2025-05-01 12:59:00,2025-05-01 13:13:00,14,No available seats
2150,2025-05-01 14:58:00,2025-05-01 15:04:00,6,No available seats
2153,2025-05-01 19:00:00,2025-05-01 19:07:00,7,No available seats
2162,2025-05-01 10:25:00,2025-05-01 10:40:00,15,No available seats
2169,2025-05-01 15:29:00,2025-05-01 15:39:00,10,No available seats
2170,2025-05-01 15:00:00,2025-05-01 15:09:00,9,No available seats
2172,2025-05-01 17:11:00,2025-05-01 17:21:00,10,No available seats
2180,2025-05-01 11:00:00,2025-05-01 11:11:00,11,No available seats
2186,2025-05-01 13:48:00,2025-05-01 14:02:00,14,No available seats
2187,2025-05-01 15:48:00,2025-05-01 15:58:00,10,No available seats
2189,2025-05-01 11:51:00,2025-05-01 12:08:00,17,No available seats
2191,2025-05-01 14:14:00,2025-05-01 14:19:00,5,No available seats
2193,2025-05-01 14:15:00,2025-05-01 14:35:00,20,No available seats
2194,2025-05-01 14:58:00,2025-05-01 15:06:00,8,No available seats
2195,2025-05-01 09:41:00,2025-05-01 09:47:00,6,No available seats
2203,2025-05-01 14:42:00,2025-05-01 14:52:00,10,No available seats
2206,2025-05-01 13:07:00,2025-05-01 13:22:00,15,No available seats
2207,2025-05-01 14:49:00,2025-05-01 15:08:00,19,No available seats
2212,2025-05-01 14:24:00,2025-05-01 14:33:00,9,No available seats
2214,2025-05-01 12:04:00,2025-05-01 12:16:00,12,No available seats
2216,2025-05-01 11:39:00,2025-05-01 11:51:00,12,No available seats
2219,2025-05-01 10:58:00,2025-05-01 11:11:00,13,No available seats
2220,2025-05-01 12:23:00,2025-05-01 12:35:00,12,No available seats
2223,2025-05-01 18:33:00,2025-05-01 18:47:00,14,No available seats
2233,2025-05-01 11:39:00,2025-05-01 11:48:00,9,No available seats
2235,2025-05-01 16:23:00,2025-05-01 16:40:00,17,No available seats
2236,2025-05-01 18:02:00,2025-05-01 18:20:00,18,No available seats
2240,2025-05-01 11:49:00,2025-05-01 12:01:00,12,No available seats
2242,2025-05-01 09:50:00,2025-05-01 10:09:00,19,No available seats
2243,2025-05-01 16:04:00,2025-05-01 16:18:00,14,No available seats
2244,2025-05-01 14:34:00,2025-05-01 14:50:00,16,No available seats
2245,2025-05-01 12:47:00,2025-05-01 13:04:00,17,No available seats
2247,2025-05-01 13:29:00,2025-05-01 13:40:00,11,No available seats
2248,2025-05-01 15:24:00,2025-05-01 15:41:00,17,No available seats
2253,2025-05-01 11:18:00,2025-05-01 11:23:00,5,No available seats
2257,2025-05-01 18:43:00,2025-05-01 18:51:00,8,No available seats
2263,2025-05-01 13:19:00,2025-05-01 13:35:00,16,No available seats
2264,2025-05-01 13:23:00,2025-05-01 13:43:00,20,No available seats
2267,2025-05-01 11:15:00,2025-05-01 11:33:00,18,No available seats
2273,2025-05-01 16:03:00,2025-05-01 16:12:00,9,No available seats
2274,2025-05-01 12:35:00,2025-05-01 12:47:00,12,No available seats
2280,2025-05-01 14:17:00,2025-05-01 14:27:00,10,No available seats
2282,2025-05-01 12:24:00,2025-05-01 12:41:00,17,No available seats
2284,2025-05-01 14:37:00,2025-05-01 14:49:00,12,No available seats
2286,2025-05-01 13:10:00,2025-05-01 13:18:00,8,No available seats
2289,2025-05-01 12:55:00,2025-05-01 13:08:00,13,No available seats
2291,2025-05-01 09:28:00,2025-05-01 09:47:00,19,No available seats
2294,2025-05-01 09:05:00,2025-05-01 09:19:00,14,No available seats
2295,2025-05-01 12:48:00,2025-05-01 13:05:00,17,No available seats
2298,2025-05-01 13:33:00,2025-05-01 13:53:00,20,No available seats
2300,2025-05-01 17:16:00,2025-05-01 17:24:00,8,No available seats
2301,2025-05-01 20:09:00,2025-05-01 20:26:00,17,No available seats
2302,2025-05-01 12:39:00,2025-05-01 12:50:00,11,No available seats
2304,2025-05-01 10:03:00,2025-05-01 10:20:00,17,No available seats
2307,2025-05-02 15:47:00,2025-05-02 16:07:00,20,No available seats
2309,2025-05-02 16:40:00,2025-05-02 16:54:00,14,No available seats
2311,2025-05-02 13:53:00,2025-05-02 14:09:00,16,No available seats
2315,2025-05-02 11:44:00,2025-05-02 11:49:00,5,No available seats
2328,2025-05-02 15:40:00,2025-05-02 15:57:00,17,No available seats
2330,2025-05-02 17:46:00,2025-05-02 18:00:00,14,No available seats
2332,2025-05-02 11:02:00,2025-05-02 11:18:00,16,No available seats
2334,2025-05-02 09:11:00,2025-05-02 09:24:00,13,No available seats
2338,2025-05-02 13:26:00,2025-05-02 13:33:00,7,No available seats
2339,2025-05-02 17:05:00,2025-05-02 17:21:00,16,No available seats
2342,2025-05-02 16:05:00,2025-05-02 16:14:00,9,No available seats
2344,2025-05-02 17:39:00,2025-05-02 17:57:00,18,No available seats
2347,2025-05-02 19:42:00,2025-05-02 20:02:00,20,No available seats
2351,2025-05-02 11:37:00,2025-05-02 11:53:00,16,No available seats
2357,2025-05-02 20:15:00,2025-05-02 20:20:00,5,No available seats
2360,2025-05-02 13:27:00,2025-05-02 13:36:00,9,No available seats
2361,2025-05-02 16:37:00,2025-05-02 16:46:00,9,No available seats
2366,2025-05-02 19:24:00,2025-05-02 19:34:00,10,No available seats
2369,2025-05-02 14:21:00,2025-05-02 14:31:00,10,No available seats
2371,2025-05-02 18:24:00,2025-05-02 18:29:00,5,No available seats
2374,2025-05-02 13:25:00,2025-05-02 13:44:00,19,No available seats
2375,2025-05-02 15:09:00,2025-05-02 15:28:00,19,No available seats
2377,2025-05-02 13:53:00,2025-05-02 14:10:00,17,No available seats
2378,2025-05-02 13:02:00,2025-05-02 13:09:00,7,No available seats
2381,2025-05-02 13:52:00,2025-05-02 14:08:00,16,No available seats
2382,2025-05-02 18:24:00,2025-05-02 18:37:00,13,No available seats
2387,2025-05-02 19:40:00,2025-05-02 20:00:00,20,No available seats
2391,2025-05-02 10:06:00,2025-05-02 10:23:00,17,No available seats
2411,2025-05-02 11:50:00,2025-05-02 12:02:00,12,No available seats
2412,2025-05-02 12:14:00,2025-05-02 12:19:00,5,No available seats
2416,2025-05-02 11:47:00,2025-05-02 11:55:00,8,No available seats
2417,2025-05-02 17:38:00,2025-05-02 17:43:00,5,No available seats
2418,2025-05-02 19:35:00,2025-05-02 19:45:00,10,No available seats
2421,2025-05-03 17:23:00,2025-05-03 17:30:00,7,No available seats
2422,2025-05-03 16:59:00,2025-05-03 17:09:00,10,No available seats
2426,2025-05-03 13:24:00,2025-05-03 13:38:00,14,No available seats
2435,2025-05-03 13:42:00,2025-05-03 13:52:00,10,No available seats
2437,2025-05-03 12:30:00,2025-05-03 12:45:00,15,No available seats
2442,2025-05-03 14:21:00,2025-05-03 14:30:00,9,No available seats
2448,2025-05-03 15:24:00,2025-05-03 15:30:00,6,No available seats
2450,2025-05-03 13:56:00,2025-05-03 14:07:00,11,No available seats
2452,2025-05-03 12:16:00,2025-05-03 12:24:00,8,No available seats
2458,2025-05-03 14:18:00,2025-05-03 14:37:00,19,No available seats
2466,2025-05-03 10:23:00,2025-05-03 10:42:00,19,No available seats
2468,2025-05-03 12:08:00,2025-05-03 12:23:00,15,No available seats
2469,2025-05-03 18:38:00,2025-05-03 18:49:00,11,No available seats
2472,2025-05-03 10:46:00,2025-05-03 11:03:00,17,No available seats
2480,2025-05-03 16:43:00,2025-05-03 16:50:00,7,No available seats
2494,2025-05-03 16:50:00,2025-05-03 17:06:00,16,No available seats
2497,2025-05-03 17:07:00,2025-05-03 17:18:00,11,No available seats
2498,2025-05-03 09:55:00,2025-05-03 10:15:00,20,No available seats
2505,2025-05-03 10:43:00,2025-05-03 10:56:00,13,No available seats
2506,2025-05-03 17:27:00,2025-05-03 17:39:00,12,No available seats
2515,2025-05-03 13:07:00,2025-05-03 13:22:00,15,No available seats
2516,2025-05-03 18:50:00,2025-05-03 18:57:00,7,No available seats
2518,2025-05-03 14:45:00,2025-05-03 15:05:00,20,No available seats
2519,2025-05-03 19:17:00,2025-05-03 19:30:00,13,No available seats
2521,2025-05-03 16:47:00,2025-05-03 16:56:00,9,No available seats
2523,2025-05-03 13:44:00,2025-05-03 13:59:00,15,No available seats
2524,2025-05-03 16:13:00,2025-05-03 16:32:00,19,No available seats
2529,2025-05-03 14:22:00,2025-05-03 14:34:00,12,No available seats
2530,2025-05-03 15:21:00,2025-05-03 15:41:00,20,No available seats
2532,2025-05-03 11:40:00,2025-05-03 11:54:00,14,No available seats
2534,2025-05-03 12:20:00,2025-05-03 12:39:00,19,No available seats
2536,2025-05-03 14:25:00,2025-05-03 14:42:00,17,No available seats
2540,2025-05-03 09:22:00,2025-05-03 09:28:00,6,No available seats
2542,2025-05-03 18:32:00,2025-05-03 18:38:00,6,No available seats
2543,2025-05-03 12:30:00,2025-05-03 12:39:00,9,No available seats
2544,2025-05-03 17:30:00,2025-05-03 17:36:00,6,No available seats
2545,2025-05-03 19:58:00,2025-05-03 20:04:00,6,No available seats
2546,2025-05-03 12:01:00,2025-05-03 12:19:00,18,No available seats
2548,2025-05-03 18:21:00,2025-05-03 18:26:00,5,No available seats
2550,2025-05-03 14:43:00,2025-05-03 15:03:00,20,No available seats
2551,2025-05-03 12:16:00,2025-05-03 12:34:00,18,No available seats
2552,2025-05-03 13:24:00,2025-05-03 13:44:00,20,No available seats
2553,2025-05-03 12:48:00,2025-05-03 12:59:00,11,No available seats
2554,2025-05-03 10:22:00,2025-05-03 10:36:00,14,No available seats
2558,2025-05-03 10:39:00,2025-05-03 10:57:00,18,No available seats
2561,2025-05-03 17:04:00,2025-05-03 17:13:00,9,No available seats
2571,2025-05-03 13:33:00,2025-05-03 13:52:00,19,No available seats
2572,2025-05-03 13:54:00,2025-05-03 13:59:00,5,No available seats
2573,2025-05-03 11:38:00,2025-05-03 11:55:00,17,No available seats
2574,2025-05-03 11:53:00,2025-05-03 12:05:00,12,No available seats
2576,2025-05-03 12:24:00,2025-05-03 12:37:00,13,No available seats
2577,2025-05-03 19:06:00,2025-05-03 19:22:00,16,No available seats
2578,2025-05-03 16:00:00,2025-05-03 16:15:00,15,No available seats
2579,2025-05-03 17:05:00,2025-05-03 17:24:00,19,No available seats
2580,2025-05-03 11:18:00,2025-05-03 11:36:00,18,No available seats
2583,2025-05-03 12:26:00,2025-05-03 12:40:00,14,No available seats
2584,2025-05-03 14:29:00,2025-05-03 14:36:00,7,No available seats
2585,2025-05-03 14:09:00,2025-05-03 14:22:00,13,No available seats
2586,2025-05-03 10:18:00,2025-05-03 10:23:00,5,No available seats
2589,2025-05-03 11:43:00,2025-05-03 12:02:00,19,No available seats
2591,2025-05-03 12:07:00,2025-05-03 12:25:00,18,No available seats
2592,2025-05-03 10:44:00,2025-05-03 10:55:00,11,No available seats
2593,2025-05-03 12:35:00,2025-05-03 12:41:00,6,No available seats
2594,2025-05-03 16:20:00,2025-05-03 16:30:00,10,No available seats
2595,2025-05-03 18:05:00,2025-05-03 18:13:00,8,No available seats
2600,2025-05-04 10:21:00,2025-05-04 10:34:00,13,No available seats
2604,2025-05-04 11:03:00,2025-05-04 11:20:00,17,No available seats
2607,2025-05-04 18:21:00,2025-05-04 18:33:00,12,No available seats
2608,2025-05-04 09:27:00,2025-05-04 09:39:00,12,No available seats
2612,2025-05-04 17:54:00,2025-05-04 18:08:00,14,No available seats
2627,2025-05-04 17:29:00,2025-05-04 17:39:00,10,No available seats
2634,2025-05-04 16:17:00,2025-05-04 16:37:00,20,No available seats
2636,2025-05-04 18:49:00,2025-05-04 19:07:00,18,No available seats
2645,2025-05-04 11:30:00,2025-05-04 11:39:00,9,No available seats
2648,2025-05-04 14:24:00,2025-05-04 14:39:00,15,No available seats
2649,2025-05-04 12:25:00,2025-05-04 12:42:00,17,No available seats
2650,2025-05-04 12:52:00,2025-05-04 13:04:00,12,No available seats
2652,2025-05-04 10:48:00,2025-05-04 11:00:00,12,No available seats
2655,2025-05-04 14:52:00,2025-05-04 15:10:00,18,No available seats
2660,2025-05-04 18:03:00,2025-05-04 18:20:00,17,No available seats
2661,2025-05-04 16:06:00,2025-05-04 16:23:00,17,No available seats
2666,2025-05-04 20:58:00,2025-05-04 21:16:00,18,No available seats
2671,2025-05-04 16:00:00,2025-05-04 16:20:00,20,No available seats
2674,2025-05-04 10:31:00,2025-05-04 10:46:00,15,No available seats
2675,2025-05-04 16:26:00,2025-05-04 16:39:00,13,No available seats
2676,2025-05-04 12:20:00,2025-05-04 12:36:00,16,No available seats
2679,2025-05-04 16:59:00,2025-05-04 17:05:00,6,No available seats
2685,2025-05-04 16:06:00,2025-05-04 16:11:00,5,No available seats
2686,2025-05-04 12:06:00,2025-05-04 12:14:00,8,No available seats
2687,2025-05-04 12:51:00,2025-05-04 12:59:00,8,No available seats
2688,2025-05-04 09:09:00,2025-05-04 09:27:00,18,No available seats
2689,2025-05-04 13:25:00,2025-05-04 13:44:00,19,No available seats
2691,2025-05-04 12:17:00,2025-05-04 12:32:00,15,No available seats
2694,2025-05-04 09:47:00,2025-05-04 10:02:00,15,No available seats
2696,2025-05-04 14:52:00,2025-05-04 15:02:00,10,No available seats
2697,2025-05-04 12:50:00,2025-05-04 13:02:00,12,No available seats
2699,2025-05-04 16:28:00,2025-05-04 16:48:00,20,No available seats
2702,2025-05-04 11:25:00,2025-05-04 11:34:00,9,No available seats
2705,2025-05-04 13:11:00,2025-05-04 13:23:00,12,No available seats
2717,2025-05-04 12:37:00,2025-05-04 12:43:00,6,No available seats
2719,2025-05-04 11:08:00,2025-05-04 11:14:00,6,No available seats
2726,2025-05-04 10:03:00,2025-05-04 10:15:00,12,No available seats
2727,2025-05-04 13:04:00,2025-05-04 13:20:00,16,No available seats
2728,2025-05-04 16:49:00,2025-05-04 17:07:00,18,No available seats
2730,2025-05-04 12:15:00,2025-05-04 12:30:00,15,No available seats
2731,2025-05-04 12:28:00,2025-05-04 12:48:00,20,No available seats
2735,2025-05-04 15:04:00,2025-05-04 15:17:00,13,No available seats
2736,2025-05-04 13:56:00,2025-05-04 14:02:00,6,No available seats
2739,2025-05-04 14:46:00,2025-05-04 15:03:00,17,No available seats
2741,2025-05-04 12:01:00,2025-05-04 12:15:00,14,No available seats
2747,2025-05-04 15:57:00,2025-05-04 16:08:00,11,No available seats
2750,2025-05-04 10:36:00,2025-05-04 10:45:00,9,No available seats
2752,2025-05-04 17:44:00,2025-05-04 18:02:00,18,No available seats
2753,2025-05-04 09:33:00,2025-05-04 09:53:00,20,No available seats
2754,2025-05-04 12:19:00,2025-05-04 12:24:00,5,No available seats
2759,2025-05-04 11:32:00,2025-05-04 11:43:00,11,No available seats
2761,2025-05-04 16:56:00,2025-05-04 17:01:00,5,No available seats
2764,2025-05-04 11:17:00,2025-05-04 11:37:00,20,No available seats
2771,2025-05-05 19:13:00,2025-05-05 19:32:00,19,No available seats
2772,2025-05-05 13:51:00,2025-05-05 14:06:00,15,No available seats
2776,2025-05-05 11:15:00,2025-05-05 11:25:00,10,No available seats
2779,2025-05-05 09:12:00,2025-05-05 09:32:00,20,No available seats
2780,2025-05-05 15:35:00,2025-05-05 15:46:00,11,No available seats
2795,2025-05-05 14:22:00,2025-05-05 14:38:00,16,No available seats
2799,2025-05-05 11:27:00,2025-05-05 11:40:00,13,No available seats
2802,2025-05-05 15:25:00,2025-05-05 15:38:00,13,No available seats
2819,2025-05-05 17:17:00,2025-05-05 17:33:00,16,No available seats
2824,2025-05-05 15:19:00,2025-05-05 15:37:00,18,No available seats
2825,2025-05-05 10:55:00,2025-05-05 11:10:00,15,No available seats
2826,2025-05-05 12:51:00,2025-05-05 13:07:00,16,No available seats
2828,2025-05-05 18:16:00,2025-05-05 18:24:00,8,No available seats
2834,2025-05-05 18:58:00,2025-05-05 19:08:00,10,No available seats
2836,2025-05-05 13:19:00,2025-05-05 13:24:00,5,No available seats
2837,2025-05-05 13:33:00,2025-05-05 13:50:00,17,No available seats
2843,2025-05-05 21:04:00,2025-05-05 21:16:00,12,No available seats
2844,2025-05-05 16:37:00,2025-05-05 16:49:00,12,No available seats
2845,2025-05-05 12:28:00,2025-05-05 12:37:00,9,No available seats
2849,2025-05-05 12:53:00,2025-05-05 13:01:00,8,No available seats
2850,2025-05-05 14:16:00,2025-05-05 14:27:00,11,No available seats
2852,2025-05-05 13:09:00,2025-05-05 13:15:00,6,No available seats
2853,2025-05-05 16:26:00,2025-05-05 16:35:00,9,No available seats
2854,2025-05-05 18:36:00,2025-05-05 18:55:00,19,No available seats
2856,2025-05-05 14:03:00,2025-05-05 14:08:00,5,No available seats
2857,2025-05-05 14:34:00,2025-05-05 14:40:00,6,No available seats
2860,2025-05-05 12:20:00,2025-05-05 12:34:00,14,No available seats
2861,2025-05-05 18:00:00,2025-05-05 18:19:00,19,No available seats
2862,2025-05-05 12:47:00,2025-05-05 13:07:00,20,No available seats
2863,2025-05-05 15:05:00,2025-05-05 15:25:00,20,No available seats
2865,2025-05-05 15:17:00,2025-05-05 15:29:00,12,No available seats
2870,2025-05-05 12:32:00,2025-05-05 12:52:00,20,No available seats
2873,2025-05-05 11:53:00,2025-05-05 12:06:00,13,No available seats
2874,2025-05-05 13:00:00,2025-05-05 13:18:00,18,No available seats
2875,2025-05-05 17:27:00,2025-05-05 17:45:00,18,No available seats
2876,2025-05-05 18:51:00,2025-05-05 19:05:00,14,No available seats
2878,2025-05-05 14:23:00,2025-05-05 14:39:00,16,No available seats
2883,2025-05-05 15:35:00,2025-05-05 15:51:00,16,No available seats
2885,2025-05-05 12:28:00,2025-05-05 12:42:00,14,No available seats
2886,2025-05-05 12:07:00,2025-05-05 12:24:00,17,No available seats
2887,2025-05-05 19:19:00,2025-05-05 19:28:00,9,No available seats
2899,2025-05-05 18:33:00,2025-05-05 18:47:00,14,No available seats
2900,2025-05-05 12:21:00,2025-05-05 12:40:00,19,No available seats
2901,2025-05-05 15:37:00,2025-05-05 15:44:00,7,No available seats
2902,2025-05-05 17:39:00,2025-05-05 17:56:00,17,No available seats
2903,2025-05-05 18:14:00,2025-05-05 18:28:00,14,No available seats
2904,2025-05-05 16:25:00,2025-05-05 16:31:00,6,No available seats
2907,2025-05-05 18:49:00,2025-05-05 19:05:00,16,No available seats
2908,2025-05-05 09:55:00,2025-05-05 10:10:00,15,No available seats
2909,2025-05-05 17:49:00,2025-05-05 18:04:00,15,No available seats
2911,2025-05-05 11:45:00,2025-05-05 11:54:00,9,No available seats
2913,2025-05-05 12:55:00,2025-05-05 13:09:00,14,No available seats
2914,2025-05-05 12:28:00,2025-05-05 12:45:00,17,No available seats
2918,2025-05-05 13:33:00,2025-05-05 13:45:00,12,No available seats
2920,2025-05-05 16:37:00,2025-05-05 16:53:00,16,No available seats
2921,2025-05-05 16:52:00,2025-05-05 17:06:00,14,No available seats
2922,2025-05-05 13:28:00,2025-05-05 13:40:00,12,No available seats
2923,2025-05-05 12:56:00,2025-05-05 13:10:00,14,No available seats
2926,2025-05-05 12:28:00,2025-05-05 12:43:00,15,No available seats
2928,2025-05-05 17:51:00,2025-05-05 18:11:00,20,No available seats
2931,2025-05-05 13:26:00,2025-05-05 13:42:00,16,No available seats
2932,2025-05-05 13:11:00,2025-05-05 13:23:00,12,No available seats
2956,2025-05-06 15:31:00,2025-05-06 15:43:00,12,No available seats
2961,2025-05-06 12:10:00,2025-05-06 12:30:00,20,No available seats
2963,2025-05-06 11:15:00,2025-05-06 11:24:00,9,No available seats
2969,2025-05-06 10:15:00,2025-05-06 10:25:00,10,No available seats
2971,2025-05-06 20:28:00,2025-05-06 20:36:00,8,No available seats
2973,2025-05-06 12:41:00,2025-05-06 12:53:00,12,No available seats
2986,2025-05-06 13:03:00,2025-05-06 13:16:00,13,No available seats
2988,2025-05-06 19:58:00,2025-05-06 20:06:00,8,No available seats
2989,2025-05-06 12:45:00,2025-05-06 12:54:00,9,No available seats
2990,2025-05-06 17:44:00,2025-05-06 17:50:00,6,No available seats
2992,2025-05-06 10:52:00,2025-05-06 11:09:00,17,No available seats
2995,2025-05-06 21:03:00,2025-05-06 21:17:00,14,No available seats
2996,2025-05-06 13:14:00,2025-05-06 13:21:00,7,No available seats
3004,2025-05-06 10:41:00,2025-05-06 10:51:00,10,No available seats
3008,2025-05-06 17:45:00,2025-05-06 17:50:00,5,No available seats
3010,2025-05-06 16:45:00,2025-05-06 17:02:00,17,No available seats
3013,2025-05-06 09:18:00,2025-05-06 09:30:00,12,No available seats
3014,2025-05-06 14:05:00,2025-05-06 14:17:00,12,No available seats
3019,2025-05-06 13:06:00,2025-05-06 13:15:00,9,No available seats
3021,2025-05-06 09:58:00,2025-05-06 10:08:00,10,No available seats
3022,2025-05-06 14:45:00,2025-05-06 14:57:00,12,No available seats
3027,2025-05-06 17:52:00,2025-05-06 18:07:00,15,No available seats
3028,2025-05-06 17:55:00,2025-05-06 18:01:00,6,No available seats
3029,2025-05-06 10:08:00,2025-05-06 10:18:00,10,No available seats
3038,2025-05-06 14:53:00,2025-05-06 15:00:00,7,No available seats
3044,2025-05-06 10:10:00,2025-05-06 10:15:00,5,No available seats
3047,2025-05-06 16:37:00,2025-05-06 16:44:00,7,No available seats
3049,2025-05-06 11:40:00,2025-05-06 11:58:00,18,No available seats
3050,2025-05-06 19:14:00,2025-05-06 19:31:00,17,No available seats
3053,2025-05-06 12:16:00,2025-05-06 12:33:00,17,No available seats
3054,2025-05-06 16:55:00,2025-05-06 17:08:00,13,No available seats
3055,2025-05-06 15:32:00,2025-05-06 15:50:00,18,No available seats
3056,2025-05-06 14:56:00,2025-05-06 15:02:00,6,No available seats
3057,2025-05-06 18:28:00,2025-05-06 18:36:00,8,No available seats
3058,2025-05-06 21:11:00,2025-05-06 21:20:00,9,No available seats
3059,2025-05-06 16:31:00,2025-05-06 16:43:00,12,No available seats
3060,2025-05-06 11:57:00,2025-05-06 12:16:00,19,No available seats
3061,2025-05-06 10:26:00,2025-05-06 10:39:00,13,No available seats
3062,2025-05-06 13:13:00,2025-05-06 13:23:00,10,No available seats
3064,2025-05-06 18:23:00,2025-05-06 18:28:00,5,No available seats
3066,2025-05-06 10:50:00,2025-05-06 11:06:00,16,No available seats
3089,2025-05-07 18:24:00,2025-05-07 18:40:00,16,No available seats
3096,2025-05-07 13:44:00,2025-05-07 13:51:00,7,No available seats
3099,2025-05-07 10:31:00,2025-05-07 10:41:00,10,No available seats
3100,2025-05-07 09:19:00,2025-05-07 09:28:00,9,No available seats
3101,2025-05-07 09:50:00,2025-05-07 09:56:00,6,No available seats
3103,2025-05-07 17:32:00,2025-05-07 17:52:00,20,No available seats
3108,2025-05-07 10:37:00,2025-05-07 10:56:00,19,No available seats
3110,2025-05-07 17:23:00,2025-05-07 17:36:00,13,No available seats
3115,2025-05-07 19:10:00,2025-05-07 19:29:00,19,No available seats
3123,2025-05-07 14:50:00,2025-05-07 15:07:00,17,No available seats
3125,2025-05-07 17:50:00,2025-05-07 18:08:00,18,No available seats
3129,2025-05-07 09:50:00,2025-05-07 09:58:00,8,No available seats
3132,2025-05-07 13:08:00,2025-05-07 13:19:00,11,No available seats
3133,2025-05-07 10:04:00,2025-05-07 10:14:00,10,No available seats
3134,2025-05-07 13:27:00,2025-05-07 13:34:00,7,No available seats
3135,2025-05-07 17:12:00,2025-05-07 17:31:00,19,No available seats
3136,2025-05-07 12:22:00,2025-05-07 12:31:00,9,No available seats
3137,2025-05-07 11:35:00,2025-05-07 11:44:00,9,No available seats
3139,2025-05-07 10:26:00,2025-05-07 10:35:00,9,No available seats
3140,2025-05-07 18:55:00,2025-05-07 19:03:00,8,No available seats
3144,2025-05-07 16:45:00,2025-05-07 17:05:00,20,No available seats
3147,2025-05-07 10:30:00,2025-05-07 10:47:00,17,No available seats
3154,2025-05-07 11:46:00,2025-05-07 12:06:00,20,No available seats
3155,2025-05-07 10:19:00,2025-05-07 10:25:00,6,No available seats
3161,2025-05-07 11:08:00,2025-05-07 11:16:00,8,No available seats
3162,2025-05-07 10:45:00,2025-05-07 10:55:00,10,No available seats
3164,2025-05-07 19:02:00,2025-05-07 19:07:00,5,No available seats
3165,2025-05-07 16:03:00,2025-05-07 16:08:00,5,No available seats
3166,2025-05-07 10:11:00,2025-05-07 10:16:00,5,No available seats
3167,2025-05-07 16:04:00,2025-05-07 16:18:00,14,No available seats
3169,2025-05-07 16:59:00,2025-05-07 17:15:00,16,No available seats
3170,2025-05-07 18:49:00,2025-05-07 19:08:00,19,No available seats
3179,2025-05-08 16:49:00,2025-05-08 17:07:00,18,No available seats
3183,2025-05-08 10:24:00,2025-05-08 10:39:00,15,No available seats
3185,2025-05-08 09:55:00,2025-05-08 10:15:00,20,No available seats
3197,2025-05-08 15:28:00,2025-05-08 15:46:00,18,No available seats
3198,2025-05-08 14:15:00,2025-05-08 14:34:00,19,No available seats
3202,2025-05-08 11:24:00,2025-05-08 11:39:00,15,No available seats
3203,2025-05-08 16:44:00,2025-05-08 16:54:00,10,No available seats
3204,2025-05-08 15:00:00,2025-05-08 15:13:00,13,No available seats
3206,2025-05-08 10:27:00,2025-05-08 10:34:00,7,No available seats
3214,2025-05-08 17:26:00,2025-05-08 17:41:00,15,No available seats
3234,2025-05-08 14:27:00,2025-05-08 14:37:00,10,No available seats
3238,2025-05-08 10:05:00,2025-05-08 10:14:00,9,No available seats
3241,2025-05-08 17:58:00,2025-05-08 18:18:00,20,No available seats
3244,2025-05-08 10:41:00,2025-05-08 10:55:00,14,No available seats
3246,2025-05-08 16:27:00,2025-05-08 16:37:00,10,No available seats
3248,2025-05-08 11:30:00,2025-05-08 11:43:00,13,No available seats
3249,2025-05-08 16:25:00,2025-05-08 16:31:00,6,No available seats
3253,2025-05-08 14:50:00,2025-05-08 15:03:00,13,No available seats
3255,2025-05-08 17:31:00,2025-05-08 17:44:00,13,No available seats
3256,2025-05-08 17:11:00,2025-05-08 17:27:00,16,No available seats
3257,2025-05-08 11:02:00,2025-05-08 11:14:00,12,No available seats
3258,2025-05-08 15:26:00,2025-05-08 15:43:00,17,No available seats
3260,2025-05-08 16:08:00,2025-05-08 16:24:00,16,No available seats
3261,2025-05-08 16:35:00,2025-05-08 16:44:00,9,No available seats
3263,2025-05-08 18:36:00,2025-05-08 18:43:00,7,No available seats
3266,2025-05-08 11:45:00,2025-05-08 11:53:00,8,No available seats
3267,2025-05-08 12:29:00,2025-05-08 12:40:00,11,No available seats
3268,2025-05-08 15:42:00,2025-05-08 15:59:00,17,No available seats
3270,2025-05-08 17:23:00,2025-05-08 17:30:00,7,No available seats
3272,2025-05-08 18:52:00,2025-05-08 18:57:00,5,No available seats
3273,2025-05-08 17:59:00,2025-05-08 18:11:00,12,No available seats
3275,2025-05-08 17:21:00,2025-05-08 17:36:00,15,No available seats
3276,2025-05-08 13:48:00,2025-05-08 13:55:00,7,No available seats
3277,2025-05-08 11:19:00,2025-05-08 11:24:00,5,No available seats
3278,2025-05-08 13:33:00,2025-05-08 13:49:00,16,No available seats
3280,2025-05-08 16:05:00,2025-05-08 16:24:00,19,No available seats
3281,2025-05-08 09:46:00,2025-05-08 09:56:00,10,No available seats
3282,2025-05-08 11:24:00,2025-05-08 11:29:00,5,No available seats
3283,2025-05-08 17:37:00,2025-05-08 17:48:00,11,No available seats
3287,2025-05-08 19:30:00,2025-05-08 19:50:00,20,No available seats
3289,2025-05-08 15:34:00,2025-05-08 15:54:00,20,No available seats
3297,2025-05-09 13:01:00,2025-05-09 13:09:00,8,No available seats
3300,2025-05-09 16:50:00,2025-05-09 17:07:00,17,No available seats
3308,2025-05-09 20:44:00,2025-05-09 21:04:00,20,No available seats
3319,2025-05-09 11:25:00,2025-05-09 11:31:00,6,No available seats
3326,2025-05-09 16:46:00,2025-05-09 17:05:00,19,No available seats
3331,2025-05-09 10:14:00,2025-05-09 10:30:00,16,No available seats
3333,2025-05-09 12:28:00,2025-05-09 12:33:00,5,No available seats
3335,2025-05-09 13:33:00,2025-05-09 13:40:00,7,No available seats
3339,2025-05-09 11:33:00,2025-05-09 11:51:00,18,No available seats
3345,2025-05-09 14:15:00,2025-05-09 14:31:00,16,No available seats
3346,2025-05-09 15:30:00,2025-05-09 15:36:00,6,No available seats
3347,2025-05-09 12:01:00,2025-05-09 12:09:00,8,No available seats
3349,2025-05-09 17:12:00,2025-05-09 17:26:00,14,No available seats
3352,2025-05-09 10:32:00,2025-05-09 10:40:00,8,No available seats
3353,2025-05-09 10:03:00,2025-05-09 10:23:00,20,No available seats
3355,2025-05-09 09:45:00,2025-05-09 10:00:00,15,No available seats
3356,2025-05-09 16:57:00,2025-05-09 17:15:00,18,No available seats
3357,2025-05-09 15:48:00,2025-05-09 15:53:00,5,No available seats
3359,2025-05-09 11:11:00,2025-05-09 11:16:00,5,No available seats
3361,2025-05-09 18:03:00,2025-05-09 18:14:00,11,No available seats
3365,2025-05-09 20:56:00,2025-05-09 21:07:00,11,No available seats
3370,2025-05-09 11:19:00,2025-05-09 11:36:00,17,No available seats
3371,2025-05-09 13:54:00,2025-05-09 14:03:00,9,No available seats
3380,2025-05-09 12:47:00,2025-05-09 12:52:00,5,No available seats
3383,2025-05-09 15:53:00,2025-05-09 16:07:00,14,No available seats
3384,2025-05-09 12:36:00,2025-05-09 12:46:00,10,No available seats
3385,2025-05-09 09:07:00,2025-05-09 09:24:00,17,No available seats
3389,2025-05-09 14:44:00,2025-05-09 14:54:00,10,No available seats
3392,2025-05-09 17:14:00,2025-05-09 17:23:00,9,No available seats
3395,2025-05-09 18:06:00,2025-05-09 18:16:00,10,No available seats
3396,2025-05-09 11:06:00,2025-05-09 11:11:00,5,No available seats
3397,2025-05-09 12:48:00,2025-05-09 12:58:00,10,No available seats
3399,2025-05-09 13:48:00,2025-05-09 14:03:00,15,No available seats
3402,2025-05-09 09:12:00,2025-05-09 09:17:00,5,No available seats
3403,2025-05-09 13:10:00,2025-05-09 13:29:00,19,No available seats
3415,2025-05-10 12:07:00,2025-05-10 12:26:00,19,No available seats
3416,2025-05-10 16:00:00,2025-05-10 16:19:00,19,No available seats
3420,2025-05-10 13:42:00,2025-05-10 13:49:00,7,No available seats
3421,2025-05-10 19:13:00,2025-05-10 19:21:00,8,No available seats
3424,2025-05-10 12:16:00,2025-05-10 12:28:00,12,No available seats
3433,2025-05-10 09:44:00,2025-05-10 09:51:00,7,No available seats
3442,2025-05-10 18:13:00,2025-05-10 18:30:00,17,No available seats
3446,2025-05-10 11:45:00,2025-05-10 12:00:00,15,No available seats
3448,2025-05-10 21:09:00,2025-05-10 21:26:00,17,No available seats
3460,2025-05-10 09:42:00,2025-05-10 09:49:00,7,No available seats
3465,2025-05-10 19:56:00,2025-05-10 20:02:00,6,No available seats
3466,2025-05-10 17:45:00,2025-05-10 18:02:00,17,No available seats
3467,2025-05-10 10:48:00,2025-05-10 10:55:00,7,No available seats
3468,2025-05-10 14:59:00,2025-05-10 15:15:00,16,No available seats
3473,2025-05-10 13:42:00,2025-05-10 13:52:00,10,No available seats
3476,2025-05-10 12:32:00,2025-05-10 12:50:00,18,No available seats
3477,2025-05-10 18:22:00,2025-05-10 18:37:00,15,No available seats
3481,2025-05-10 09:46:00,2025-05-10 10:01:00,15,No available seats
3482,2025-05-10 15:51:00,2025-05-10 16:00:00,9,No available seats
3483,2025-05-10 20:27:00,2025-05-10 20:34:00,7,No available seats
3485,2025-05-10 09:43:00,2025-05-10 09:51:00,8,No available seats
3486,2025-05-10 15:49:00,2025-05-10 16:03:00,14,No available seats
3489,2025-05-10 15:21:00,2025-05-10 15:35:00,14,No available seats
3493,2025-05-10 16:57:00,2025-05-10 17:08:00,11,No available seats
3494,2025-05-10 17:23:00,2025-05-10 17:36:00,13,No available seats
3495,2025-05-10 09:52:00,2025-05-10 10:11:00,19,No available seats
3496,2025-05-10 13:53:00,2025-05-10 14:12:00,19,No available seats
3505,2025-05-10 12:08:00,2025-05-10 12:28:00,20,No available seats
3508,2025-05-10 10:16:00,2025-05-10 10:26:00,10,No available seats
3509,2025-05-10 19:17:00,2025-05-10 19:26:00,9,No available seats
3511,2025-05-10 16:35:00,2025-05-10 16:51:00,16,No available seats
3513,2025-05-10 14:30:00,2025-05-10 14:44:00,14,No available seats
3514,2025-05-10 18:41:00,2025-05-10 18:49:00,8,No available seats
3518,2025-05-10 10:59:00,2025-05-10 11:11:00,12,No available seats
3519,2025-05-10 12:07:00,2025-05-10 12:24:00,17,No available seats
3522,2025-05-10 19:00:00,2025-05-10 19:16:00,16,No available seats
3527,2025-05-10 13:21:00,2025-05-10 13:32:00,11,No available seats
3528,2025-05-10 13:31:00,2025-05-10 13:47:00,16,No available seats
3532,2025-05-10 15:37:00,2025-05-10 15:49:00,12,No available seats
3533,2025-05-10 10:01:00,2025-05-10 10:15:00,14,No available seats
3536,2025-05-10 14:17:00,2025-05-10 14:25:00,8,No available seats
3539,2025-05-10 14:49:00,2025-05-10 15:07:00,18,No available seats
3540,2025-05-10 19:34:00,2025-05-10 19:48:00,14,No available seats
3541,2025-05-10 18:07:00,2025-05-10 18:25:00,18,No available seats
3542,2025-05-10 15:45:00,2025-05-10 16:05:00,20,No available seats
3543,2025-05-10 10:06:00,2025-05-10 10:19:00,13,No available seats
3549,2025-05-10 17:35:00,2025-05-10 17:51:00,16,No available seats
3550,2025-05-10 18:11:00,2025-05-10 18:21:00,10,No available seats
3551,2025-05-10 11:04:00,2025-05-10 11:22:00,18,No available seats
3553,2025-05-10 09:40:00,2025-05-10 09:59:00,19,No available seats
3554,2025-05-10 18:33:00,2025-05-10 18:49:00,16,No available seats
3555,2025-05-10 13:19:00,2025-05-10 13:28:00,9,No available seats
3556,2025-05-10 11:28:00,2025-05-10 11:39:00,11,No available seats
3557,2025-05-10 17:11:00,2025-05-10 17:26:00,15,No available seats
3558,2025-05-10 14:20:00,2025-05-10 14:30:00,10,No available seats
3560,2025-05-10 09:59:00,2025-05-10 10:09:00,10,No available seats
3563,2025-05-10 13:16:00,2025-05-10 13:21:00,5,No available seats
3564,2025-05-10 14:14:00,2025-05-10 14:30:00,16,No available seats
3565,2025-05-10 16:54:00,2025-05-10 17:02:00,8,No available seats
3568,2025-05-10 21:28:00,2025-05-10 21:41:00,13,No available seats
